Rank,Week,SourceSubnet,Connections,Outbound,Inbound,TotalBytes,SourceIPs,TargetIPs,SourcePorts,TargetPorts,Difference,Color
1,Feb 2020,213,22149502,7836945443966,75129818501440,82966763945406,254,246022,51747,38757,67292873057474,1
2,Feb 2020,160,3529878,1178335103567,6828715075214,8007050178781,95,64463,50498,5603,5650379971647,1
3,Feb 2020,256,1421263,546622863945,6693638064022,7240260927967,10,50885,35804,4671,6147015200077,1
4,Feb 2020,16,170933,1899123625088,269600583359,2168724208447,10,9926,25691,159,1629523041729,2
5,Feb 2020,142,30056,1331968974772,29913201533,1361882176305,56,134,13452,2603,1302055773239,2
6,Feb 2020,112,146724,46335479915,995692259010,1042027738925,144,8239,22575,402,949356779095,1
7,Feb 2020,49,456916,171972730235,853546687423,1025519417658,17,12033,27692,643,681573957188,1
8,Feb 2020,161,230441,65709277322,900407496694,966116774016,161,9804,24451,1302,834698219372,1
9,Feb 2020,79,30374,19719649828,870520024476,890239674304,4,2646,12531,36,850800374648,1
10,Feb 2020,123,112334,46231180424,814153420194,860384600618,144,8723,24651,352,767922239770,1
11,Feb 2020,228,104584,43702356392,761611785212,805314141604,130,8334,23246,328,717909428820,1
12,Feb 2020,134,113268,61006366208,715863931123,776870297331,151,9117,24198,485,654857564915,1
13,Feb 2020,131,114193,57025080222,682289139899,739314220121,141,11005,24083,1702,625264059677,1
14,Feb 2020,195,118581,44880771670,679584794319,724465565989,204,9147,22893,486,634704022649,1
15,Feb 2020,229,109023,35217076265,686561706267,721778782532,136,8007,24869,398,651344630002,1
16,Feb 2020,127,114626,51407245099,669903747175,721310992274,166,8274,23806,359,618496502076,1
17,Feb 2020,133,103680,41633456993,640474342092,682107799085,129,7803,25020,365,598840885099,1
18,Feb 2020,124,108029,40934811811,634253188694,675188000505,167,8180,23872,488,593318376883,1
19,Feb 2020,132,101913,44055203676,621301690689,665356894365,161,7845,23634,460,577246487013,1
20,Feb 2020,171,111424,43590202649,619749333476,663339536125,151,8741,24433,508,576159130827,1
21,Feb 2020,98,107127,62220233987,591754602225,653974836212,144,8027,25000,473,529534368238,1
22,Feb 2020,128,109651,56775678491,567188472407,623964150898,118,8637,23987,525,510412793916,1
23,Feb 2020,70,107693,33841634561,584310298785,618151933346,122,8813,24831,644,550468664224,1
24,Feb 2020,206,8111,14019440859,563419816724,577439257583,56,1369,6376,18,549400375865,1
25,Feb 2020,51,16498,455090646649,39761963765,494852610414,53,1919,10958,427,415328682884,2
26,Feb 2020,143,38534,76612306668,383075993659,459688300327,19,4524,21725,384,306463686991,1
27,Feb 2020,117,13771,319439139733,50323290883,369762430616,19,2173,11730,49,269115848850,2
28,Feb 2020,169,31701,231931650775,115472163431,347403814206,18,2147,17682,44,116459487344,2
29,Feb 2020,94,37251,231454318533,102226594290,333680912823,4,3488,17240,1103,129227724243,2
30,Feb 2020,2,909,2105122607,316391637966,318496760573,12,78,871,24,314286515359,1
31,Feb 2020,44,40325,15988440423,267060359011,283048799434,2,887,15030,136,251071918588,1
32,Feb 2020,197,37477,25002189645,250790528028,275792717673,197,4179,17207,171,225788338383,1
33,Feb 2020,165,22300,233506049318,41527641917,275033691235,32,2563,15227,57,191978407401,2
34,Feb 2020,125,14242,9526470938,225642708953,235169179891,29,2689,9770,670,216116238015,1
35,Feb 2020,235,429186,5415359662,228864731744,234280091406,3,812,28233,3,223449372082,1
36,Feb 2020,73,89962,49048556008,180255802947,229304358955,138,6400,18839,791,131207246939,1
37,Feb 2020,74,36513,130283093341,69717505923,200000599264,92,3521,16061,304,60565587418,2
38,Feb 2020,90,58091,36295874507,143153029999,179448904506,91,4677,22724,4280,106857155492,1
39,Feb 2020,46,14542,8502420243,156639687492,165142107735,35,2785,8982,390,148137267249,1
40,Feb 2020,184,40258,6152874720,125660573534,131813448254,9,4989,24575,54,119507698814,1
41,Feb 2020,129,28218,25969086591,103995857369,129964943960,122,2834,14388,49,78026770778,1
42,Feb 2020,104,19882,82269567251,43143278262,125412845513,42,2071,11762,15,39126288989,2
43,Feb 2020,91,30961,23901317193,88253943927,112155261120,64,2915,17365,38,64352626734,1
44,Feb 2020,250,32600,5330879647,97714051179,103044930826,11,2150,15572,52,92383171532,1
45,Feb 2020,101,24598,50496833157,48887991271,99384824428,52,2576,15932,99,1608841886,2
46,Feb 2020,181,46424,40032514357,55356180229,95388694586,93,4484,17294,8634,15323665872,1
47,Feb 2020,7,25346,34764353966,53179587373,87943941339,28,2730,17409,29,18415233407,1
48,Feb 2020,118,31359,11319866035,76563460089,87883326124,99,3501,15303,132,65243594054,1
49,Feb 2020,198,21571,3885156033,78549855543,82435011576,1,2551,11902,84,74664699510,1
50,Feb 2020,149,30006,16828283643,55733335062,72561618705,174,2718,13634,22,38905051419,1
51,Feb 2020,99,17074,11348886425,60967212063,72316098488,33,2257,11018,45,49618325638,1
52,Feb 2020,178,6096,1884592038,68358215249,70242807287,21,974,5052,6,66473623211,1
53,Feb 2020,225,35201,13669280262,52872907667,66542187929,60,4208,17117,4870,39203627405,1
54,Feb 2020,56,21457,4993611222,61460085057,66453696279,50,2113,13069,16,56466473835,1
55,Feb 2020,168,24938,45239774001,18336173170,63575947171,52,3094,12238,4980,26903600831,2
56,Feb 2020,234,15968,2248718401,58686209572,60934927973,53,1821,11334,36,56437491171,1
57,Feb 2020,204,8740,2710830699,57631639051,60342469750,26,1384,6770,90,54920808352,1
58,Feb 2020,130,26613,10634620225,46982704078,57617324303,69,2789,13718,21,36348083853,1
59,Feb 2020,119,16625,25611617151,30672165033,56283782184,63,2202,11672,145,5060547882,1
60,Feb 2020,65,9239,3019879524,47548208183,50568087707,30,1546,6831,401,44528328659,1
61,Feb 2020,221,26415,15419285830,31925362326,47344648156,56,3513,12296,4771,16506076496,1
62,Feb 2020,4,13970,1899100483,45199901058,47099001541,14,1186,11139,10,43300800575,1
63,Feb 2020,246,22466,1276097089,45261344432,46537441521,85,1267,12947,3,43985247343,1
64,Feb 2020,103,5227,24899163402,21309708710,46208872112,10,963,4796,31,3589454692,2
65,Feb 2020,85,15287,4982172161,38481057900,43463230061,93,1964,9974,17,33498885739,1
66,Feb 2020,48,10385,1851632922,41400443974,43252076896,3,615,7681,75,39548811052,1
67,Feb 2020,215,20086,9017709273,30857973222,39875682495,57,2766,10697,4727,21840263949,1
68,Feb 2020,29,16799,2550571405,33334622917,35885194322,19,2231,11053,39,30784051512,1
69,Feb 2020,156,9884,22483741342,13080488820,35564230162,29,1226,7372,18,9403252522,2
70,Feb 2020,150,21521,11376264408,23349881949,34726146357,32,2241,10495,5078,11973617541,1
71,Feb 2020,45,3877,1739933580,32526774095,34266707675,2,858,3450,111,30786840515,1
72,Feb 2020,170,15381,2817237858,30827770379,33645008237,42,2010,10490,16,28010532521,1
73,Feb 2020,89,17930,4235839754,28546467243,32782306997,54,2136,11105,28,24310627489,1
74,Feb 2020,82,11161,1095227152,31619705500,32714932652,43,1713,8525,30,30524478348,1
75,Feb 2020,179,9696,5219194373,26760942659,31980137032,19,2199,5871,2096,21541748286,1
76,Feb 2020,154,10934,4331714241,27123744658,31455458899,41,1341,9260,29,22792030417,1
77,Feb 2020,92,15960,4623931684,26756104830,31380036514,67,1226,10108,30,22132173146,1
78,Feb 2020,110,1983,222865638,26640843445,26863709083,4,435,1859,3,26417977807,1
79,Feb 2020,122,8142,6486472490,18913588239,25400060729,14,1223,5781,639,12427115749,1
80,Feb 2020,83,13480,2099773694,19491844021,21591617715,25,1915,9249,19,17392070327,1
81,Feb 2020,241,11039,3358941474,18023218282,21382159756,19,876,8683,7,14664276808,1
82,Feb 2020,54,8879,529862019,20531224554,21061086573,108,742,7402,2,20001362535,1
83,Feb 2020,236,10881,4798935540,15359649071,20158584611,1,1935,8676,36,10560713531,1
84,Feb 2020,80,5353,613823014,19187964081,19801787095,8,1011,4661,17,18574141067,1
85,Feb 2020,208,1646,18016611497,1713137117,19729748614,50,124,1598,2,16303474380,2
86,Feb 2020,52,5979,1021862116,16895233753,17917095869,44,1140,5137,21,15873371637,1
87,Feb 2020,141,7404,4250132533,11286258979,15536391512,37,1314,5671,6,7036126446,1
88,Feb 2020,224,5515,2378235542,12987973317,15366208859,15,601,5019,5,10609737775,1
89,Feb 2020,196,5391,548456674,14238757490,14787214164,23,574,4329,8,13690300816,1
90,Feb 2020,153,14959,3092916896,10838961788,13931878684,11,782,10042,10,7746044892,1
91,Feb 2020,146,9860,861837979,11302241801,12164079780,23,1669,7303,227,10440403822,1
92,Feb 2020,180,10188,1182740786,9466014650,10648755436,34,941,7597,6,8283273864,1
93,Feb 2020,84,6678,552677371,10031003337,10583680708,1,949,5513,5,9478325966,1
94,Feb 2020,155,4217,4411151857,5316358244,9727510101,29,1161,776,3298,905206387,1
95,Feb 2020,55,2889,1162433016,8043707686,9206140702,9,549,2736,6,6881274670,1
96,Feb 2020,209,483,96924123,9062426163,9159350286,8,99,477,3,8965502040,1
97,Feb 2020,77,3859,464432885,8130633378,8595066263,5,602,2763,15,7666200493,1
98,Feb 2020,63,6415,611822468,7890299226,8502121694,14,670,5523,4,7278476758,1
99,Feb 2020,159,11737,2174643747,6286479009,8461122756,26,1042,8440,38,4111835262,1
100,Feb 2020,191,5825,583284444,7679791160,8263075604,9,577,4800,6,7096506716,1
101,Feb 2020,106,1023,210098516,8036419832,8246518348,1,219,999,2,7826321316,1
102,Feb 2020,100,11070,1774969260,6342483137,8117452397,19,964,8080,59,4567513877,1
103,Feb 2020,58,3119,827874901,7040856409,7868731310,9,751,2805,10,6212981508,1
104,Feb 2020,167,6914,1127801593,6638261039,7766062632,20,919,5584,21,5510459446,1
105,Feb 2020,145,4621,166948819,7158773532,7325722351,27,324,3997,2,6991824713,1
106,Feb 2020,173,2916,357983909,6959263543,7317247452,8,657,2689,4,6601279634,1
107,Feb 2020,239,2199,1004028584,5958375432,6962404016,26,381,1840,5,4954346848,1
108,Feb 2020,166,5833,1337854263,5436694788,6774549051,24,1048,4929,6,4098840525,1
109,Feb 2020,115,5264,1007081520,4946996533,5954078053,27,592,4515,8,3939915013,1
110,Feb 2020,120,4797,606991224,5293230579,5900221803,12,714,4271,3,4686239355,1
111,Feb 2020,144,9195,743505893,4843690675,5587196568,14,1191,7084,5,4100184782,1
112,Feb 2020,14,2803,205913294,5376570676,5582483970,10,462,2633,99,5170657382,1
113,Feb 2020,59,1725,3857384655,1351469305,5208853960,5,120,1634,141,2505915350,2
114,Feb 2020,9,3043,255859915,4823036725,5078896640,18,697,2808,4,4567176810,1
115,Feb 2020,212,42,3652685937,501587066,4154273003,1,37,1,42,3151098871,2
116,Feb 2020,57,940,2393773035,1481939559,3875712594,20,146,921,5,911833476,2
117,Feb 2020,175,604,355440324,3500834405,3856274729,3,138,597,41,3145394081,1
118,Feb 2020,138,2035,73139644,3742886754,3816026398,6,293,1789,2,3669747110,1
119,Feb 2020,6,3354,384754766,3310166210,3694920976,10,718,3064,4,2925411444,1
120,Feb 2020,190,2656,38669882,3015071122,3053741004,31,107,2258,216,2976401240,1
121,Feb 2020,75,1980,199072898,2208140314,2407213212,5,219,1903,3,2009067416,1
122,Feb 2020,81,359,1120761400,1117028104,2237789504,10,42,357,4,3733296,2
123,Feb 2020,203,2301,383728652,1735252612,2118981264,8,461,2165,4,1351523960,1
124,Feb 2020,214,2541,133285586,1960564611,2093850197,6,392,2404,3,1827279025,1
125,Feb 2020,164,2241,149685306,1818205238,1967890544,16,518,2158,5,1668519932,1
126,Feb 2020,183,1217,345949388,1609893453,1955842841,8,168,970,4,1263944065,1
127,Feb 2020,0,1161,79167194,1685577311,1764744505,1,262,1140,3,1606410117,1
128,Feb 2020,207,1102,358019081,1139137717,1497156798,8,346,910,151,781118636,1
129,Feb 2020,200,1909,79661261,1361795642,1441456903,35,89,1845,3,1282134381,1
130,Feb 2020,174,780,94285429,1288030019,1382315448,4,231,667,3,1193744590,1
131,Feb 2020,176,1271,76283381,1167850830,1244134211,6,404,1227,3,1091567449,1
132,Feb 2020,157,6,874656181,206029085,1080685266,1,2,6,5,668627096,2
133,Feb 2020,11,1170,91473426,806642395,898115821,8,319,1165,2,715168969,1
134,Feb 2020,96,32,600191136,247137592,847328728,3,27,4,32,353053544,2
135,Feb 2020,248,283,15793261,749205278,764998539,2,71,276,2,733412017,1
136,Feb 2020,35,868,26376551,691453556,717830107,23,39,860,4,665077005,1
137,Feb 2020,5,286,20717181,668168692,688885873,6,116,278,13,647451511,1
138,Feb 2020,242,213,151054038,496185031,647239069,6,36,211,11,345130993,1
139,Feb 2020,226,298,17845189,522817475,540662664,3,110,276,2,504972286,1
140,Feb 2020,53,17,421473307,80664996,502138303,1,8,17,15,340808311,2
141,Feb 2020,172,47,13663272,415187453,428850725,1,9,47,2,401524181,1
142,Feb 2020,177,110,168080026,208113872,376193898,2,23,109,4,40033846,1
143,Feb 2020,3,507,122193472,239254357,361447829,4,15,490,4,117060885,1
144,Feb 2020,23,90,9124566,350698035,359822601,1,9,90,1,341573469,1
145,Feb 2020,22,175,7604340,330854287,338458627,1,56,164,2,323249947,1
146,Feb 2020,222,7,5725272,317134626,322859898,1,6,6,2,311409354,1
147,Feb 2020,126,11,1052077,231336834,232388911,3,6,11,2,230284757,1
148,Feb 2020,21,116,5590013,172582496,178172509,10,55,116,2,166992483,1
149,Feb 2020,192,106,6474579,154250079,160724658,3,19,106,4,147775500,1
150,Feb 2020,102,81,72956353,38416354,111372707,3,17,71,12,34539999,2
151,Feb 2020,10,11,346131,61078795,61424926,2,4,11,3,60732664,1
152,Feb 2020,50,19,1098468,55335387,56433855,2,8,19,2,54236919,1
153,Feb 2020,151,4,764834,23210638,23975472,1,4,4,2,22445804,1
154,Feb 2020,47,7,337496,21991850,22329346,1,4,7,2,21654354,1
155,Feb 2020,135,66,505874,21116405,21622279,2,7,57,3,20610531,1
156,Feb 2020,13,14,1494071,17965698,19459769,2,8,14,2,16471627,1
157,Feb 2020,86,5,8108875,9083931,17192806,2,2,5,2,975056,1
158,Feb 2020,114,11,1164176,14754552,15918728,1,6,11,3,13590376,1
159,Feb 2020,109,8,874402,14344654,15219056,2,2,4,4,13470252,1
160,Feb 2020,43,1,6125525,63857,6189382,1,1,1,1,6061668,2
161,Feb 2020,40,22,141725,5947196,6088921,3,4,22,1,5805471,1
162,Feb 2020,88,9,242309,5594379,5836688,1,1,9,1,5352070,1
163,Feb 2020,26,19,54467,3900635,3955102,2,3,19,1,3846168,1
164,Feb 2020,19,13,109563,2998850,3108413,2,2,13,2,2889287,1
165,Feb 2020,25,6,528445,1722546,2250991,1,6,6,2,1194101,1
166,Feb 2020,72,6,518432,852685,1371117,1,1,6,1,334253,1
167,Feb 2020,163,3,53717,800725,854442,1,1,3,1,747008,1
168,Feb 2020,111,1,444400,394400,838800,1,1,1,1,50000,2
169,Feb 2020,199,6,214243,510777,725020,1,1,6,1,296534,1
170,Feb 2020,185,1,1260,165060,166320,1,1,1,1,163800,1
171,Feb 2020,68,1,1,1,1,1,1,1,1
172,Feb 2020,220,1,1,1,1,1,1,1,1
173,Feb 2020,34,1,1,1,1,1,1,1,1
174,Feb 2020,202,1,1,1,1,1,1,1,1
175,Feb 2020,139,1,1,1,1,1,1,1,1
176,Feb 2020,38,1,1,1,1,1,1,1,1
177,Feb 2020,97,1,1,1,1,1,1,1,1
178,Feb 2020,41,1,1,1,1,1,1,1,1
179,Feb 2020,33,1,1,1,1,1,1,1,1
180,Feb 2020,37,1,1,1,1,1,1,1,1
181,Feb 2020,230,1,1,1,1,1,1,1,1
182,Feb 2020,12,1,1,1,1,1,1,1,1
183,Feb 2020,18,1,1,1,1,1,1,1,1
184,Feb 2020,193,1,1,1,1,1,1,1,1
185,Feb 2020,39,1,1,1,1,1,1,1,1
186,Feb 2020,249,1,1,1,1,1,1,1,1
187,Feb 2020,223,1,1,1,1,1,1,1,1
188,Feb 2020,60,1,1,1,1,1,1,1,1
189,Feb 2020,189,1,1,1,1,1,1,1,1
190,Feb 2020,93,1,1,1,1,1,1,1,1
191,Feb 2020,108,1,1,1,1,1,1,1,1
192,Feb 2020,17,1,1,1,1,1,1,1,1
193,Feb 2020,15,1,1,1,1,1,1,1,1
194,Feb 2020,245,1,1,1,1,1,1,1,1
195,Feb 2020,8,1,1,1,1,1,1,1,1
196,Feb 2020,66,1,1,1,1,1,1,1,1
197,Feb 2020,243,1,1,1,1,1,1,1,1
198,Feb 2020,1,1,1,1,1,1,1,1,1
199,Feb 2020,24,1,1,1,1,1,1,1,1
200,Feb 2020,232,1,1,1,1,1,1,1,1
201,Feb 2020,227,1,1,1,1,1,1,1,1
202,Feb 2020,116,1,1,1,1,1,1,1,1
203,Feb 2020,105,1,1,1,1,1,1,1,1
204,Feb 2020,121,1,1,1,1,1,1,1,1
205,Feb 2020,233,1,1,1,1,1,1,1,1
206,Feb 2020,187,1,1,1,1,1,1,1,1
207,Feb 2020,42,1,1,1,1,1,1,1,1
208,Feb 2020,113,1,1,1,1,1,1,1,1
209,Feb 2020,31,1,1,1,1,1,1,1,1
210,Feb 2020,217,1,1,1,1,1,1,1,1
211,Feb 2020,87,1,1,1,1,1,1,1,1
212,Feb 2020,20,1,1,1,1,1,1,1,1
213,Feb 2020,219,1,1,1,1,1,1,1,1
214,Feb 2020,218,1,1,1,1,1,1,1,1
215,Feb 2020,211,1,1,1,1,1,1,1,1
216,Feb 2020,188,1,1,1,1,1,1,1,1
217,Feb 2020,107,1,1,1,1,1,1,1,1
218,Feb 2020,254,1,1,1,1,1,1,1,1
219,Feb 2020,182,1,1,1,1,1,1,1,1
220,Feb 2020,216,1,1,1,1,1,1,1,1
221,Feb 2020,136,1,1,1,1,1,1,1,1
222,Feb 2020,194,1,1,1,1,1,1,1,1
223,Feb 2020,71,1,1,1,1,1,1,1,1
224,Feb 2020,252,1,1,1,1,1,1,1,1
225,Feb 2020,205,1,1,1,1,1,1,1,1
226,Feb 2020,244,1,1,1,1,1,1,1,1
227,Feb 2020,61,1,1,1,1,1,1,1,1
228,Feb 2020,237,1,1,1,1,1,1,1,1
229,Feb 2020,148,1,1,1,1,1,1,1,1
230,Feb 2020,69,1,1,1,1,1,1,1,1
231,Feb 2020,27,1,1,1,1,1,1,1,1
232,Feb 2020,201,1,1,1,1,1,1,1,1
233,Feb 2020,30,1,1,1,1,1,1,1,1
234,Feb 2020,158,1,1,1,1,1,1,1,1
235,Feb 2020,147,1,1,1,1,1,1,1,1
236,Feb 2020,210,1,1,1,1,1,1,1,1
237,Feb 2020,28,1,1,1,1,1,1,1,1
238,Feb 2020,186,1,1,1,1,1,1,1,1
239,Feb 2020,247,1,1,1,1,1,1,1,1
240,Feb 2020,95,1,1,1,1,1,1,1,1
241,Feb 2020,137,1,1,1,1,1,1,1,1
242,Feb 2020,62,1,1,1,1,1,1,1,1
243,Feb 2020,231,1,1,1,1,1,1,1,1
244,Feb 2020,253,1,1,1,1,1,1,1,1
245,Feb 2020,67,1,1,1,1,1,1,1,1
246,Feb 2020,78,1,1,1,1,1,1,1,1
247,Feb 2020,32,1,1,1,1,1,1,1,1
248,Feb 2020,36,1,1,1,1,1,1,1,1
249,Feb 2020,64,1,1,1,1,1,1,1,1
250,Feb 2020,251,1,1,1,1,1,1,1,1
251,Feb 2020,255,1,1,1,1,1,1,1,1
252,Feb 2020,240,1,1,1,1,1,1,1,1
253,Feb 2020,152,1,1,1,1,1,1,1,1
254,Feb 2020,140,1,1,1,1,1,1,1,1
255,Feb 2020,76,1,1,1,1,1,1,1,1
256,Feb 2020,162,1,1,1,1,1,1,1,1
257,Feb 2020,238,1,1,1,1,1,1,1,1
1,Apr 2020,213,7157499,4043751660934,44167966820957,48211718481891,254,145597,47732,37227,40124215160023,1
2,Apr 2020,160,3754053,2170801625517,12536639631608,14707441257125,91,65964,59131,5386,10365838006091,1
3,Apr 2020,256,412822,154818803636,2935906795572,3090725599208,10,18489,34346,1930,2781087991936,1
4,Apr 2020,49,300623,105887886475,1088576781607,1194464668082,16,4491,30067,213,982688895132,1
5,Apr 2020,143,105912,44348462138,1065879315533,1110227777671,19,5805,23471,133,1021530853395,1
6,Apr 2020,2,1231,4571395919,836644551503,841215947422,12,89,1195,16,832073155584,1
7,Apr 2020,46,33699,16970886952,758823949653,775794836605,11,2464,25935,435,741853062701,1
8,Apr 2020,169,41800,199845761804,471612123706,671457885510,12,2186,19436,108,271766361902,1
9,Apr 2020,206,977,13178462288,610893947981,624072410269,9,242,875,17,597715485693,1
10,Apr 2020,161,80228,42077400290,561921410690,603998810980,155,7430,21373,1176,519844010400,1
11,Apr 2020,79,1967,4063483362,593370961173,597434444535,6,120,1870,85,589307477811,1
12,Apr 2020,229,115057,26451362156,524571876673,551023238829,132,7159,21667,1537,498120514517,1
13,Apr 2020,127,87994,44073655137,495585428029,539659083166,160,7312,23199,837,451511772892,1
14,Apr 2020,228,74285,42186269751,433510025992,475696295743,123,6435,23241,441,391323756241,1
15,Apr 2020,128,63185,47777698445,425360963995,473138662440,112,6510,21322,318,377583265550,1
16,Apr 2020,131,74077,36740355948,420856692835,457597048783,139,6371,19654,429,384116336887,1
17,Apr 2020,124,64936,35767198870,418835678485,454602877355,153,6461,22035,394,383068479615,1
18,Apr 2020,221,9955,10825589965,438012509552,448838099517,32,983,7866,268,427186919587,1
19,Apr 2020,70,67071,35236138886,413447879364,448684018250,117,6084,20006,386,378211740478,1
20,Apr 2020,235,813521,11138130402,424167396097,435305526499,2,1165,28232,2,413029265695,1
21,Apr 2020,73,82160,58568191113,370646608141,429214799254,103,4560,18583,316,312078417028,1
22,Apr 2020,133,79748,48987847573,377085932227,426073779800,127,7638,21541,1210,328098084654,1
23,Apr 2020,123,72178,20597889549,392212590433,412810479982,137,6399,21160,564,371614700884,1
24,Apr 2020,98,74327,29084265961,369446442295,398530708256,137,8015,21979,2276,340362176334,1
25,Apr 2020,195,56950,28101053178,366382126532,394483179710,176,5790,23500,294,338281073354,1
26,Apr 2020,210,2220,312105822409,79719305076,391825127485,2,1357,1,2066,232386517333,2
27,Apr 2020,171,63182,23090567877,359975137485,383065705362,142,6620,21848,944,336884569608,1
28,Apr 2020,132,66082,28003585880,349892548598,377896134478,152,6531,21995,389,321888962718,1
29,Apr 2020,134,71429,23505052192,329490265111,352995317303,143,8462,21525,2319,305985212919,1
30,Apr 2020,112,55363,17885686301,308312470875,326198157176,128,5796,20292,319,290426784574,1
31,Apr 2020,48,80958,5558504409,296247707615,301806212024,1,306,16274,26,290689203206,1
32,Apr 2020,59,6101,181813294803,111541940216,293355235019,5,617,4803,1758,70271354587,2
33,Apr 2020,45,5775,9944210635,207740254254,217684464889,1,974,4733,162,197796043619,1
34,Apr 2020,94,50106,31537709704,183958761986,215496471690,4,4496,20777,1621,152421052282,1
35,Apr 2020,16,55062,5690480710,182007447652,187697928362,10,1301,21711,25,176316966942,1
36,Apr 2020,90,24691,79125220342,103166691605,182291911947,51,2045,15312,500,24041471263,1
37,Apr 2020,197,24230,13860002954,161417795431,175277798385,171,3057,14301,133,147557792477,1
38,Apr 2020,85,15649,71014792839,55716862793,126731655632,83,2060,10163,30,15297930046,2
39,Apr 2020,184,29268,3799835718,119381461442,123181297160,9,3038,18485,124,115581625724,1
40,Apr 2020,119,12082,7291902502,101210657736,108502560238,51,546,9569,19,93918755234,1
41,Apr 2020,118,20772,5815213142,97144575527,102959788669,69,1610,11681,530,91329362385,1
42,Apr 2020,198,24901,3439304659,93568999650,97008304309,1,2483,12574,168,90129694991,1
43,Apr 2020,74,21030,34445016273,51550092525,85995108798,59,2310,13518,54,17105076252,1
44,Apr 2020,101,24849,29963007635,55761881357,85724888992,29,3388,10476,3180,25798873722,1
45,Apr 2020,181,17502,16176431648,64084699334,80261130982,56,904,11050,44,47908267686,1
46,Apr 2020,239,7385,1344291690,75039147740,76383439430,24,151,1555,2,73694856050,1
47,Apr 2020,204,4168,2768608814,70765933797,73534542611,2,695,3792,99,67997324983,1
48,Apr 2020,117,11173,37165119692,32481454770,69646574462,18,2031,9833,21,4683664922,2
49,Apr 2020,92,15702,1639960379,61131935224,62771895603,43,483,11183,21,59491974845,1
50,Apr 2020,250,9747,1431180511,58152348741,59583529252,9,333,7406,8,56721168230,1
51,Apr 2020,4,13563,3311135469,53136576026,56447711495,12,1254,10651,17,49825440557,1
52,Apr 2020,51,16380,3612758044,52280911851,55893669895,42,1583,10916,747,48668153807,1
53,Apr 2020,165,17494,5274765708,50402616099,55677381807,18,1559,12287,83,45127850391,1
54,Apr 2020,91,11316,5393001407,44489112539,49882113946,43,735,9008,17,39096111132,1
55,Apr 2020,104,12109,3651135387,45870767258,49521902645,27,758,8603,11,42219631871,1
56,Apr 2020,122,4852,9508165807,37603420068,47111585875,12,906,4409,70,28095254261,1
57,Apr 2020,99,11905,1994466858,44246148233,46240615091,24,1380,9115,61,42251681375,1
58,Apr 2020,246,6003,1114223391,44787439395,45901662786,77,277,3160,2,43673216004,1
59,Apr 2020,225,18776,17067877276,27399271059,44467148335,23,632,13202,129,10331393783,1
60,Apr 2020,179,4876,12927913268,31130151725,44058064993,13,873,3454,784,18202238457,1
61,Apr 2020,130,24314,14224641967,27740499399,41965141366,34,1558,13251,14,13515857432,1
62,Apr 2020,129,12493,2231748915,37578059518,39809808433,39,1031,8825,13,35346310603,1
63,Apr 2020,7,9260,8992048544,30258900247,39250948791,24,1492,8165,53,21266851703,1
64,Apr 2020,89,13172,4976449117,33158334931,38134784048,38,1105,9182,18,28181885814,1
65,Apr 2020,215,8539,12797384811,24746317198,37543702009,28,998,6243,753,11948932387,1
66,Apr 2020,138,3237,599951476,34869782899,35469734375,4,215,2671,2,34269831423,1
67,Apr 2020,142,28805,1203782641,33160228465,34364011106,60,119,13059,1582,31956445824,1
68,Apr 2020,29,18843,6980094752,24913478506,31893573258,5,1867,11332,8,17933383754,1
69,Apr 2020,150,14214,10821660454,20952234113,31773894567,22,1280,9675,406,10130573659,1
70,Apr 2020,159,4427,1395396601,29356053423,30751450024,15,531,3932,5,27960656822,1
71,Apr 2020,125,1425,16231531174,12053054107,28284585281,8,194,1364,4,4178477067,2
72,Apr 2020,52,3210,457539104,26888261490,27345800594,35,354,2907,141,26430722386,1
73,Apr 2020,156,6075,8124276888,18435882627,26560159515,15,878,5074,4,10311605739,1
74,Apr 2020,44,1184,3220204638,20072037976,23292242614,1,286,1133,11,16851833338,1
75,Apr 2020,145,3382,355229721,22242264054,22597493775,18,131,2916,2,21887034333,1
76,Apr 2020,234,9230,3562521949,18882770982,22445292931,32,965,7489,38,15320249033,1
77,Apr 2020,168,6940,10227113354,12206396549,22433509903,33,1047,5113,777,1979283195,1
78,Apr 2020,83,3666,1558232981,20853260043,22411493024,15,273,3227,7,19295027062,1
79,Apr 2020,56,10201,2277470708,19325713120,21603183828,32,726,8141,6,17048242412,1
80,Apr 2020,149,7983,3928098488,17327139061,21255237549,20,640,6084,249,13399040573,1
81,Apr 2020,155,5927,980415270,17160162945,18140578215,28,273,4355,727,16179747675,1
82,Apr 2020,178,6797,1904963809,16211350322,18116314131,14,704,5572,5,14306386513,1
83,Apr 2020,200,5428,332399407,17729974635,18062374042,41,142,4945,4,17397575228,1
84,Apr 2020,209,2088,288239856,17442166146,17730406002,6,177,1871,132,17153926290,1
85,Apr 2020,196,2642,302638252,17375580903,17678219155,23,121,2063,2,17072942651,1
86,Apr 2020,82,4558,1472180625,14634724533,16106905158,23,830,3838,117,13162543908,1
87,Apr 2020,208,1612,580948648,14149935005,14730883653,41,140,1542,4,13568986357,1
88,Apr 2020,115,6229,900734677,11893716143,12794450820,27,304,5262,4,10992981466,1
89,Apr 2020,170,6086,2108358357,10120430636,12228788993,28,444,5323,14,8012072279,1
90,Apr 2020,180,5150,1289352992,10666644031,11955997023,22,587,4400,3,9377291039,1
91,Apr 2020,141,3432,338089001,10879631621,11217720622,14,214,3139,4,10541542620,1
92,Apr 2020,54,2044,151773161,10848792468,11000565629,105,71,1960,2,10697019307,1
93,Apr 2020,167,5056,767277235,9343622186,10110899421,13,654,4380,3,8576344951,1
94,Apr 2020,154,6151,462128257,9286611552,9748739809,27,320,5348,2,8824483295,1
95,Apr 2020,212,198,8860649882,430778808,9291428690,1,103,1,197,8429871074,2
96,Apr 2020,9,2337,219843886,8955513096,9175356982,13,396,2177,5,8735669210,1
97,Apr 2020,65,2587,520261971,8352372244,8872634215,8,370,2396,4,7832110273,1
98,Apr 2020,81,1042,4305810476,3990978062,8296788538,10,46,1023,3,314832414,2
99,Apr 2020,166,3601,680518891,7519241619,8199760510,13,552,3262,5,6838722728,1
100,Apr 2020,35,871,157480881,7282587750,7440068631,22,64,863,4,7125106869,1
101,Apr 2020,84,1155,464783887,6936894313,7401678200,1,270,1123,10,6472110426,1
102,Apr 2020,242,21744,790909899,6303509410,7094419309,4,1237,15079,2,5512599511,1
103,Apr 2020,77,2783,1051144351,5626628030,6677772381,5,660,2574,25,4575483679,1
104,Apr 2020,13,99,20455552,6392426512,6412882064,2,8,99,2,6371970960,1
105,Apr 2020,146,3203,414487850,5995539486,6410027336,14,372,2905,9,5581051636,1
106,Apr 2020,63,1069,83648172,6289266803,6372914975,7,127,1043,2,6205618631,1
107,Apr 2020,236,2790,1016917187,4943339181,5960256368,1,682,2602,8,3926421994,1
108,Apr 2020,100,3951,2417148566,3329023513,5746172079,8,346,3490,39,911874947,1
109,Apr 2020,173,1482,320838033,5376299366,5697137399,2,123,1379,2,5055461333,1
110,Apr 2020,103,3918,768859489,4885021216,5653880705,9,391,3750,5,4116161727,1
111,Apr 2020,207,2065,513838250,5054209501,5568047751,6,239,1862,131,4540371251,1
112,Apr 2020,164,2650,166574088,5010914219,5177488307,15,401,2530,4,4844340131,1
113,Apr 2020,120,1406,89404957,4987640515,5077045472,5,75,1382,2,4898235558,1
114,Apr 2020,57,872,2364460681,2496027766,4860488447,15,142,841,4,131567085,1
115,Apr 2020,191,3920,518438421,4044205332,4562643753,6,138,3455,8,3525766911,1
116,Apr 2020,5,909,96463280,3531792582,3628255862,8,295,881,7,3435329302,1
117,Apr 2020,241,3070,602301052,2993507698,3595808750,10,166,2866,3,2391206646,1
118,Apr 2020,224,1151,89496233,3341242836,3430739069,5,92,1119,3,3251746603,1
119,Apr 2020,190,3907,42550162,3330881883,3373432045,32,123,3253,211,3288331721,1
120,Apr 2020,58,1937,349959544,2947890950,3297850494,7,163,1869,2,2597931406,1
121,Apr 2020,203,2719,563937329,2720545343,3284482672,4,380,2507,7,2156608014,1
122,Apr 2020,14,1724,109497565,3100003587,3209501152,8,230,1666,11,2990506022,1
123,Apr 2020,6,1495,63513760,2910794128,2974307888,10,117,1452,2,2847280368,1
124,Apr 2020,183,849,214611796,2559437137,2774048933,4,161,820,5,2344825341,1
125,Apr 2020,80,621,206721529,2373972688,2580694217,3,172,614,6,2167251159,1
126,Apr 2020,75,1370,188713449,2109698835,2298412284,1,122,1344,2,1920985386,1
127,Apr 2020,214,561,32091572,1992358586,2024450158,3,43,557,2,1960267014,1
128,Apr 2020,144,204,26581335,1914276672,1940858007,4,47,201,2,1887695337,1
129,Apr 2020,110,708,29096393,1733560540,1762656933,4,81,686,2,1704464147,1
130,Apr 2020,174,696,146175658,1298010140,1444185798,3,143,586,3,1151834482,1
131,Apr 2020,248,255,15087257,1138965257,1154052514,2,63,250,2,1123878000,1
132,Apr 2020,176,132,66507044,1039745921,1106252965,3,68,132,2,973238877,1
133,Apr 2020,11,1352,160367328,889231045,1049598373,7,193,1348,2,728863717,1
134,Apr 2020,55,722,80557304,873067059,953624363,4,94,706,2,792509755,1
135,Apr 2020,22,227,12819901,851045149,863865050,1,41,195,2,838225248,1
136,Apr 2020,3,1253,9476393,805127267,814603660,3,10,1201,2,795650874,1
137,Apr 2020,21,176,26782995,775643491,802426486,7,62,175,2,748860496,1
138,Apr 2020,172,307,32960133,621119201,654079334,2,38,301,2,588159068,1
139,Apr 2020,175,352,80164153,522565535,602729688,3,78,349,5,442401382,1
140,Apr 2020,23,133,12666828,560089374,572756202,1,22,133,1,547422546,1
141,Apr 2020,96,60,388380468,118758664,507139132,3,32,4,60,269621804,2
142,Apr 2020,226,70,7770342,349022462,356792804,1,29,70,2,341252120,1
143,Apr 2020,60,47,333017690,15365329,348383019,1,26,1,47,317652361,2
144,Apr 2020,192,243,14807150,246521750,261328900,4,17,240,3,231714600,1
145,Apr 2020,151,836,236501555,22719489,259221044,2,36,825,3,213782066,2
146,Apr 2020,114,86,172933273,58670768,231604041,1,47,84,6,114262505,2
147,Apr 2020,43,3,184689211,12635847,197325058,1,3,1,3,172053364,2
148,Apr 2020,10,18,844485,183411689,184256174,2,2,18,2,182567204,1
149,Apr 2020,126,8,666751,153562868,154229619,3,5,8,2,152896117,1
150,Apr 2020,102,85,96719423,52773110,149492533,1,10,76,11,43946313,2
151,Apr 2020,153,64,2375428,134848754,137224182,1,17,64,2,132473326,1
152,Apr 2020,50,16,667146,36654248,37321394,3,7,16,1,35987102,1
153,Apr 2020,111,59,12438875,13002657,25441532,1,3,6,2,563782,1
154,Apr 2020,19,66,166568,12310266,12476834,2,2,64,4,12143698,1
155,Apr 2020,177,52,757235,7769216,8526451,1,1,52,1,7011981,1
156,Apr 2020,40,6,162810,7084065,7246875,1,6,6,1,6921255,1
157,Apr 2020,26,3,61665,5799401,5861066,2,3,3,2,5737736,1
158,Apr 2020,88,7,206428,4274537,4480965,1,1,7,1,4068109,1
159,Apr 2020,25,1,16607,3206658,3223265,1,1,1,1,3190051,1
160,Apr 2020,199,14,606954,1048155,1655109,1,3,14,1,441201,1
161,Apr 2020,86,9,33436,1256404,1289840,1,1,9,1,1222968,1
162,Apr 2020,72,2,197338,321346,518684,1,1,2,1,124008,1
163,Apr 2020,163,1,25259,441962,467221,1,1,1,1,416703,1
164,Apr 2020,41,1,1331,198319,199650,1,1,1,1,196988,1
165,Apr 2020,76,1,1206,134463,135669,1,1,1,1,133257,1
166,Apr 2020,222,1,2382,102870,105252,1,1,1,1,100488,1
167,Apr 2020,33,1,1,1,1,1,1,1,1
168,Apr 2020,68,1,1,1,1,1,1,1,1
169,Apr 2020,220,1,1,1,1,1,1,1,1
170,Apr 2020,34,1,1,1,1,1,1,1,1
171,Apr 2020,202,1,1,1,1,1,1,1,1
172,Apr 2020,53,1,1,1,1,1,1,1,1
173,Apr 2020,157,1,1,1,1,1,1,1,1
174,Apr 2020,38,1,1,1,1,1,1,1,1
175,Apr 2020,230,1,1,1,1,1,1,1,1
176,Apr 2020,139,1,1,1,1,1,1,1,1
177,Apr 2020,147,1,1,1,1,1,1,1,1
178,Apr 2020,193,1,1,1,1,1,1,1,1
179,Apr 2020,18,1,1,1,1,1,1,1,1
180,Apr 2020,253,1,1,1,1,1,1,1,1
181,Apr 2020,37,1,1,1,1,1,1,1,1
182,Apr 2020,109,1,1,1,1,1,1,1,1
183,Apr 2020,189,1,1,1,1,1,1,1,1
184,Apr 2020,97,1,1,1,1,1,1,1,1
185,Apr 2020,20,1,1,1,1,1,1,1,1
186,Apr 2020,217,1,1,1,1,1,1,1,1
187,Apr 2020,187,1,1,1,1,1,1,1,1
188,Apr 2020,245,1,1,1,1,1,1,1,1
189,Apr 2020,249,1,1,1,1,1,1,1,1
190,Apr 2020,185,1,1,1,1,1,1,1,1
191,Apr 2020,116,1,1,1,1,1,1,1,1
192,Apr 2020,182,1,1,1,1,1,1,1,1
193,Apr 2020,244,1,1,1,1,1,1,1,1
194,Apr 2020,0,1,1,1,1,1,1,1,1
195,Apr 2020,194,1,1,1,1,1,1,1,1
196,Apr 2020,186,1,1,1,1,1,1,1,1
197,Apr 2020,1,1,1,1,1,1,1,1,1
198,Apr 2020,243,1,1,1,1,1,1,1,1
199,Apr 2020,188,1,1,1,1,1,1,1,1
200,Apr 2020,227,1,1,1,1,1,1,1,1
201,Apr 2020,232,1,1,1,1,1,1,1,1
202,Apr 2020,113,1,1,1,1,1,1,1,1
203,Apr 2020,12,1,1,1,1,1,1,1,1
204,Apr 2020,211,1,1,1,1,1,1,1,1
205,Apr 2020,233,1,1,1,1,1,1,1,1
206,Apr 2020,205,1,1,1,1,1,1,1,1
207,Apr 2020,201,1,1,1,1,1,1,1,1
208,Apr 2020,223,1,1,1,1,1,1,1,1
209,Apr 2020,219,1,1,1,1,1,1,1,1
210,Apr 2020,121,1,1,1,1,1,1,1,1
211,Apr 2020,66,1,1,1,1,1,1,1,1
212,Apr 2020,252,1,1,1,1,1,1,1,1
213,Apr 2020,105,1,1,1,1,1,1,1,1
214,Apr 2020,47,1,1,1,1,1,1,1,1
215,Apr 2020,106,1,1,1,1,1,1,1,1
216,Apr 2020,231,1,1,1,1,1,1,1,1
217,Apr 2020,251,1,1,1,1,1,1,1,1
218,Apr 2020,216,1,1,1,1,1,1,1,1
219,Apr 2020,237,1,1,1,1,1,1,1,1
220,Apr 2020,28,1,1,1,1,1,1,1,1
221,Apr 2020,67,1,1,1,1,1,1,1,1
222,Apr 2020,240,1,1,1,1,1,1,1,1
223,Apr 2020,247,1,1,1,1,1,1,1,1
224,Apr 2020,42,1,1,1,1,1,1,1,1
225,Apr 2020,238,1,1,1,1,1,1,1,1
226,Apr 2020,254,1,1,1,1,1,1,1,1
227,Apr 2020,61,1,1,1,1,1,1,1,1
228,Apr 2020,39,1,1,1,1,1,1,1,1
229,Apr 2020,69,1,1,1,1,1,1,1,1
230,Apr 2020,135,1,1,1,1,1,1,1,1
231,Apr 2020,87,1,1,1,1,1,1,1,1
232,Apr 2020,218,1,1,1,1,1,1,1,1
233,Apr 2020,93,1,1,1,1,1,1,1,1
234,Apr 2020,17,1,1,1,1,1,1,1,1
235,Apr 2020,255,1,1,1,1,1,1,1,1
236,Apr 2020,162,1,1,1,1,1,1,1,1
237,Apr 2020,30,1,1,1,1,1,1,1,1
238,Apr 2020,36,1,1,1,1,1,1,1,1
239,Apr 2020,78,1,1,1,1,1,1,1,1
240,Apr 2020,108,1,1,1,1,1,1,1,1
241,Apr 2020,107,1,1,1,1,1,1,1,1
242,Apr 2020,137,1,1,1,1,1,1,1,1
243,Apr 2020,8,1,1,1,1,1,1,1,1
244,Apr 2020,62,1,1,1,1,1,1,1,1
245,Apr 2020,148,1,1,1,1,1,1,1,1
246,Apr 2020,15,1,1,1,1,1,1,1,1
247,Apr 2020,158,1,1,1,1,1,1,1,1
248,Apr 2020,32,1,1,1,1,1,1,1,1
249,Apr 2020,71,1,1,1,1,1,1,1,1
250,Apr 2020,64,1,1,1,1,1,1,1,1
251,Apr 2020,95,1,1,1,1,1,1,1,1
252,Apr 2020,140,1,1,1,1,1,1,1,1
253,Apr 2020,136,1,1,1,1,1,1,1,1
254,Apr 2020,24,1,1,1,1,1,1,1,1
255,Apr 2020,27,1,1,1,1,1,1,1,1
256,Apr 2020,31,1,1,1,1,1,1,1,1
257,Apr 2020,152,1,1,1,1,1,1,1,1
1,Sept 2020,213,8034579,9168751547468,58943281258205,68112032805673,254,130969,45436,17877,49774529710737,1
2,Sept 2020,160,5550226,5544543710879,28414245859349,33958789570228,91,82705,55191,5743,22869702148470,1
3,Sept 2020,256,670757,477195488264,5639665574952,6116861063216,10,26659,33484,2057,5162470086688,1
4,Sept 2020,49,545611,349458671977,4538451732516,4887910404493,16,8420,30949,1521,4188993060539,1
5,Sept 2020,206,28900,39525574536,1781288967023,1820814541559,44,1009,13160,8,1741763392487,1
6,Sept 2020,46,75667,82644580702,1416790192448,1499434773150,67,6540,18770,652,1334145611746,1
7,Sept 2020,2,1697,12183214555,1468077918543,1480261133098,14,112,1588,44,1455894703988,1
8,Sept 2020,210,1320,1020362424591,339925597206,1360288021797,2,922,1,1273,680436827385,2
9,Sept 2020,131,107940,83275543021,1267310859493,1350586402514,139,8724,24992,475,1184035316472,1
10,Sept 2020,195,103281,73806066962,1253549640663,1327355707625,195,7889,25933,205,1179743573701,1
11,Sept 2020,132,99267,74724140044,1094683697972,1169407838016,158,7982,21532,195,1019959557928,1
12,Sept 2020,124,102377,76586316727,1043297785508,1119884102235,165,8118,23394,169,966711468781,1
13,Sept 2020,228,101710,88349515430,1015475003208,1103824518638,125,8409,20973,539,927125487778,1
14,Sept 2020,70,95720,75689984236,1002578571845,1078268556081,116,7866,21948,171,926888587609,1
15,Sept 2020,123,106523,68285986596,951722842731,1020008829327,142,7910,23264,266,883436856135,1
16,Sept 2020,128,114837,134303100715,879544339030,1013847439745,111,8376,24778,400,745241238315,1
17,Sept 2020,171,102395,80487721471,910010772437,990498493908,147,8131,24346,399,829523050966,1
18,Sept 2020,127,112318,55940751946,926541920977,982482672923,164,8185,24904,217,870601169031,1
19,Sept 2020,112,100955,55529259950,904852983072,960382243022,134,7719,25305,447,849323723122,1
20,Sept 2020,169,12633,903846768504,46561151138,950407919642,13,1362,10252,78,857285617366,2
21,Sept 2020,161,104129,74450435735,841443581452,915894017187,159,7924,21910,293,766993145717,1
22,Sept 2020,133,103843,68641742919,840219222846,908860965765,127,8258,23856,596,771577479927,1
23,Sept 2020,98,98593,77721932918,812780241345,890502174263,140,7543,24248,237,735058308427,1
24,Sept 2020,229,102402,77198040864,779512685253,856710726117,132,7949,23356,288,702314644389,1
25,Sept 2020,134,102072,79586487572,713847462430,793433950002,147,7704,25515,350,634260974858,1
26,Sept 2020,198,43699,499182035979,236917803776,736099839755,1,4412,15300,40,262264232203,2
27,Sept 2020,73,154875,192110501234,518673644532,710784145766,114,7249,20810,415,326563143298,1
28,Sept 2020,29,29156,634805426158,63806252007,698611678165,5,2010,13778,25,570999174151,2
29,Sept 2020,143,38500,26248504610,531211163446,557459668056,10,4281,22099,65,504962658836,1
30,Sept 2020,122,11435,130545454318,412336536745,542881991063,12,1840,9502,693,281791082427,1
31,Sept 2020,94,191682,86628811123,426757929967,513386741090,5,5931,25495,1983,340129118844,1
32,Sept 2020,117,23914,394518716287,71206446004,465725162291,17,2596,19687,130,323312270283,2
33,Sept 2020,151,975,461581572022,1785883048,463367455070,1,13,955,2,459795688974,2
34,Sept 2020,235,873191,10839459977,436192183983,447031643960,2,929,28232,2,425352724006,1
35,Sept 2020,74,41154,32726335025,397637983236,430364318261,65,3714,16047,35,364911648211,1
36,Sept 2020,197,41385,58283713829,365011439368,423295153197,161,4274,17480,145,306727725539,1
37,Sept 2020,90,63304,25387485799,302710625794,328098111593,53,3378,24997,139,277323139995,1
38,Sept 2020,184,64488,65014356581,248348617403,313362973984,11,6093,21140,3808,183334260822,1
39,Sept 2020,7,38042,23823109302,272183972019,296007081321,22,1898,20607,1031,248360862717,1
40,Sept 2020,16,75169,48068079873,245545702222,293613782095,10,2398,25109,54,197477622349,1
41,Sept 2020,170,27261,11228959405,272429811575,283658770980,36,2557,14689,25,261200852170,1
42,Sept 2020,48,28907,14195892673,267461459776,281657352449,4,2348,14448,174,253265567103,1
43,Sept 2020,85,32821,121422011731,156681035099,278103046830,88,3064,14245,41,35259023368,1
44,Sept 2020,104,19732,8635402791,266852725291,275488128082,30,1499,12338,23,258217322500,1
45,Sept 2020,51,27580,87492990018,132660808558,220153798576,45,1556,14379,639,45167818540,1
46,Sept 2020,181,45292,25732413673,176803797277,202536210950,76,3434,18228,218,151071383604,1
47,Sept 2020,118,47832,15019972277,169008914094,184028886371,72,3433,16692,39,153988941817,1
48,Sept 2020,119,23693,49207460756,129278824487,178486285243,47,1854,14795,64,80071363731,1
49,Sept 2020,165,37434,17624097116,158810912692,176435009808,24,3292,22025,132,141186815576,1
50,Sept 2020,129,22147,7605069158,160415343487,168020412645,46,2393,13081,37,152810274329,1
51,Sept 2020,168,16062,40670888855,118197181922,158868070777,38,2225,10341,280,77526293067,1
52,Sept 2020,130,34934,10515998735,142752588396,153268587131,46,2158,15367,30,132236589661,1
53,Sept 2020,44,9136,14587371264,132612269634,147199640898,2,1637,7690,82,118024898370,1
54,Sept 2020,150,12612,6890609287,115513844860,122404454147,27,1225,9147,14,108623235573,1
55,Sept 2020,221,28832,27513914926,91660360361,119174275287,36,2766,14798,350,64146445435,1
56,Sept 2020,225,26658,30333876904,88492032308,118825909212,32,2375,15784,42,58158155404,1
57,Sept 2020,91,23961,7863440395,106272216160,114135656555,40,2534,16887,25,98408775765,1
58,Sept 2020,79,7977,1710820681,108604061697,110314882378,3,117,7031,71,106893241016,1
59,Sept 2020,234,21190,17297318200,92401688627,109699006827,34,1923,13675,100,75104370427,1
60,Sept 2020,101,14278,16854211338,91440033696,108294245034,26,976,10635,107,74585822358,1
61,Sept 2020,155,1842,5645004393,100142640600,105787644993,12,339,899,735,94497636207,1
62,Sept 2020,89,28350,11231756928,82022963224,93254720152,42,2327,13437,39,70791206296,1
63,Sept 2020,141,15064,6189229706,79482447485,85671677191,18,694,9867,5,73293217779,1
64,Sept 2020,215,12883,12960914413,71155933286,84116847699,22,1519,10493,227,58195018873,1
65,Sept 2020,82,29654,12427138116,70607606559,83034744675,33,2520,17075,64,58180468443,1
66,Sept 2020,59,5608,43910778722,37743273011,81654051733,5,219,4776,427,6167505711,2
67,Sept 2020,65,7759,31584710256,49489252255,81073962511,15,846,6434,5,17904541999,1
68,Sept 2020,156,20615,4834196985,75946874504,80781071489,17,1863,12199,17,71112677519,1
69,Sept 2020,239,6502,1469831185,74732347354,76202178539,23,146,2427,4,73262516169,1
70,Sept 2020,159,6936,3495161856,70616855157,74112017013,14,639,5705,8,67121693301,1
71,Sept 2020,9,3676,954692108,71634679984,72589372092,13,207,2958,3,70679987876,1
72,Sept 2020,178,14635,13238261549,57770449091,71008710640,13,878,9730,8,44532187542,1
73,Sept 2020,99,6509,6566878466,62778482467,69345360933,13,549,5399,17,56211604001,1
74,Sept 2020,180,14994,5286208363,61796733284,67082941647,25,884,9749,6,56510524921,1
75,Sept 2020,246,9518,1739024619,65228432431,66967457050,73,254,3883,2,63489407812,1
76,Sept 2020,54,3915,1509284512,63406027339,64915311851,89,273,3587,3,61896742827,1
77,Sept 2020,56,17064,6542355446,56845065561,63387421007,37,725,11543,5,50302710115,1
78,Sept 2020,142,51338,1646662615,61436846312,63083508927,66,138,14411,1592,59790183697,1
79,Sept 2020,83,24587,9993829801,52086852031,62080681832,26,2893,13443,12,42093022230,1
80,Sept 2020,80,837,10386574277,43903121063,54289695340,5,308,730,107,33516546786,1
81,Sept 2020,145,3630,377863350,51720906968,52098770318,14,98,3258,2,51343043618,1
82,Sept 2020,154,10018,3923303492,47758552852,51681856344,25,1126,8001,4,43835249360,1
83,Sept 2020,250,17169,7708298669,43700836036,51409134705,8,1769,12541,32,35992537367,1
84,Sept 2020,167,13225,3414499864,47088889860,50503389724,15,1260,9089,5,43674389996,1
85,Sept 2020,191,6395,1107836629,45392063425,46499900054,9,782,5475,4,44284226796,1
86,Sept 2020,224,3886,3683691188,41097752287,44781443475,6,634,3591,6,37414061099,1
87,Sept 2020,149,18379,2784020651,41870282875,44654303526,29,1568,11005,17,39086262224,1
88,Sept 2020,146,14896,4089819404,39805564973,43895384377,21,996,9825,4,35715745569,1
89,Sept 2020,196,4169,586646691,40832067573,41418714264,17,220,3337,2,40245420882,1
90,Sept 2020,166,4739,1248971644,39316791266,40565762910,14,447,4196,5,38067819622,1
91,Sept 2020,103,40293,1503721057,36736879655,38240600712,2,2699,15134,9,35233158598,1
92,Sept 2020,57,5126,1529101986,36497371212,38026473198,21,816,4523,8,34968269226,1
93,Sept 2020,4,10792,3881605067,31572789618,35454394685,11,588,8839,11,27691184551,1
94,Sept 2020,164,6528,2162997784,32287039897,34450037681,16,928,5912,32,30124042113,1
95,Sept 2020,179,2691,12852237413,19005888801,31858126214,6,754,2121,180,6153651388,1
96,Sept 2020,77,8735,2630428710,28008544374,30638973084,5,1748,6848,308,25378115664,1
97,Sept 2020,52,5242,1539499650,26235134471,27774634121,33,368,4618,95,24695634821,1
98,Sept 2020,203,5095,1338046402,25355607894,26693654296,7,588,4385,6,24017561492,1
99,Sept 2020,6,4240,477610670,21826150795,22303761465,8,420,3835,2,21348540125,1
100,Sept 2020,115,2475,411660055,18675841131,19087501186,7,258,2308,2,18264181076,1
101,Sept 2020,58,2798,1057563236,15408326481,16465889717,5,460,2597,4,14350763245,1
102,Sept 2020,207,1139,801913695,12519027553,13320941248,5,294,1036,43,11717113858,1
103,Sept 2020,236,5166,1258953249,11249341871,12508295120,1,1198,4567,7,9990388622,1
104,Sept 2020,100,5400,999903402,11403893250,12403796652,10,357,4626,32,10403989848,1
105,Sept 2020,120,1432,377884752,11676483817,12054368569,5,188,1392,2,11298599065,1
106,Sept 2020,138,3265,233797851,11745941706,11979739557,3,256,2551,3,11512143855,1
107,Sept 2020,209,519,9253139357,2027473014,11280612371,7,110,469,52,7225666343,2
108,Sept 2020,81,2299,8575849077,615465804,9191314881,9,42,2027,4,7960383273,2
109,Sept 2020,226,508,371213779,8310392585,8681606364,3,139,499,3,7939178806,1
110,Sept 2020,35,15203,110212818,7874034223,7984247041,19,36,13600,2,7763821405,1
111,Sept 2020,125,1230,5361059434,2515200314,7876259748,6,142,1204,3,2845859120,2
112,Sept 2020,92,4405,632497870,7186890278,7819388148,11,689,4012,9,6554392408,1
113,Sept 2020,241,2710,102180060,7439814997,7541995057,8,95,2474,2,7337634937,1
114,Sept 2020,183,1497,1299455478,6171538547,7470994025,4,117,1454,3,4872083069,1
115,Sept 2020,84,3623,1027172436,5996585442,7023757878,1,337,3252,9,4969413006,1
116,Sept 2020,14,840,127368185,6680678351,6808046536,8,211,819,5,6553310166,1
117,Sept 2020,248,225,37382550,6698816959,6736199509,2,18,225,2,6661434409,1
118,Sept 2020,242,12736,1821835845,4436124336,6257960181,6,557,10231,3,2614288491,1
119,Sept 2020,176,752,177888772,5868917345,6046806117,4,262,749,3,5691028573,1
120,Sept 2020,5,879,233881411,5662669087,5896550498,9,192,837,12,5428787676,1
121,Sept 2020,200,7656,705204355,4977414059,5682618414,25,96,5923,3,4272209704,1
122,Sept 2020,63,1567,92413529,5498594162,5591007691,6,133,1527,2,5406180633,1
123,Sept 2020,144,739,72569310,5485074613,5557643923,5,65,727,2,5412505303,1
124,Sept 2020,110,736,54824260,4519311605,4574135865,3,70,724,2,4464487345,1
125,Sept 2020,190,2542,39253776,4197904333,4237158109,25,101,2316,15,4158650557,1
126,Sept 2020,175,1306,61705441,3681894876,3743600317,2,208,1266,3,3620189435,1
127,Sept 2020,173,3432,470092772,2195571163,2665663935,2,422,3188,2,1725478391,1
128,Sept 2020,75,2641,61462670,2464218343,2525681013,1,40,2487,2,2402755673,1
129,Sept 2020,174,576,240345675,2205729624,2446075299,3,129,572,3,1965383949,1
130,Sept 2020,214,77,20825606,2158973312,2179798918,2,13,67,2,2138147706,1
131,Sept 2020,21,422,158019409,1942476851,2100496260,6,151,415,18,1784457442,1
132,Sept 2020,208,4081,628820530,1205860403,1834680933,36,103,3790,3,577039873,1
133,Sept 2020,3,1130,12157734,1014557593,1026715327,8,15,1098,4,1002399859,1
134,Sept 2020,96,39,732605904,274407018,1007012922,3,29,4,39,458198886,2
135,Sept 2020,50,290,6570876,963291649,969862525,3,9,290,2,956720773,1
136,Sept 2020,23,174,15907921,766669961,782577882,1,7,174,1,750762040,1
137,Sept 2020,55,131,17078404,710942270,728020674,3,55,131,2,693863866,1
138,Sept 2020,153,191,43703766,682787583,726491349,1,74,191,3,639083817,1
139,Sept 2020,135,478,30611852,452768774,483380626,1,231,450,2,422156922,1
140,Sept 2020,10,21,1882986,437110282,438993268,1,1,21,1,435227296,1
141,Sept 2020,192,209,10225939,397259358,407485297,4,16,209,2,387033419,1
142,Sept 2020,11,109,7422709,349894003,357316712,2,30,109,2,342471294,1
143,Sept 2020,28,14,4087921,263210203,267298124,1,3,14,2,259122282,1
144,Sept 2020,111,172,28924537,32004762,60929299,1,2,5,2,3080225,1
145,Sept 2020,43,1,28011351,9194124,37205475,1,1,1,1,18817227,2
146,Sept 2020,126,3,135785,30786707,30922492,1,2,3,2,30650922,1
147,Sept 2020,114,11,954398,29508149,30462547,1,5,11,2,28553751,1
148,Sept 2020,102,84,5232726,24085599,29318325,1,2,84,1,18852873,1
149,Sept 2020,177,166,2350055,24868684,27218739,1,1,166,1,22518629,1
150,Sept 2020,19,121,370598,21100526,21471124,1,1,119,1,20729928,1
151,Sept 2020,13,9,2117868,691823,2809691,1,5,9,1,1426045,2
152,Sept 2020,163,2,88786,1871240,1960026,1,1,2,1,1782454,1
153,Sept 2020,86,8,40183,995902,1036085,1,1,8,1,955719,1
154,Sept 2020,222,2,3932,208740,212672,1,1,2,1,204808,1
155,Sept 2020,33,1,1,1,1,1,1,1,1
156,Sept 2020,199,1,1,1,1,1,1,1,1
157,Sept 2020,220,1,1,1,1,1,1,1,1
158,Sept 2020,72,1,1,1,1,1,1,1,1
159,Sept 2020,68,1,1,1,1,1,1,1,1
160,Sept 2020,26,1,1,1,1,1,1,1,1
161,Sept 2020,202,1,1,1,1,1,1,1,1
162,Sept 2020,53,1,1,1,1,1,1,1,1
163,Sept 2020,38,1,1,1,1,1,1,1,1
164,Sept 2020,40,1,1,1,1,1,1,1,1
165,Sept 2020,157,1,1,1,1,1,1,1,1
166,Sept 2020,0,1,1,1,1,1,1,1,1
167,Sept 2020,139,1,1,1,1,1,1,1,1
168,Sept 2020,230,1,1,1,1,1,1,1,1
169,Sept 2020,204,1,1,1,1,1,1,1,1
170,Sept 2020,109,1,1,1,1,1,1,1,1
171,Sept 2020,22,1,1,1,1,1,1,1,1
172,Sept 2020,245,1,1,1,1,1,1,1,1
173,Sept 2020,212,1,1,1,1,1,1,1,1
174,Sept 2020,37,1,1,1,1,1,1,1,1
175,Sept 2020,121,1,1,1,1,1,1,1,1
176,Sept 2020,172,1,1,1,1,1,1,1,1
177,Sept 2020,42,1,1,1,1,1,1,1,1
178,Sept 2020,193,1,1,1,1,1,1,1,1
179,Sept 2020,187,1,1,1,1,1,1,1,1
180,Sept 2020,60,1,1,1,1,1,1,1,1
181,Sept 2020,97,1,1,1,1,1,1,1,1
182,Sept 2020,34,1,1,1,1,1,1,1,1
183,Sept 2020,189,1,1,1,1,1,1,1,1
184,Sept 2020,45,1,1,1,1,1,1,1,1
185,Sept 2020,88,1,1,1,1,1,1,1,1
186,Sept 2020,252,1,1,1,1,1,1,1,1
187,Sept 2020,233,1,1,1,1,1,1,1,1
188,Sept 2020,140,1,1,1,1,1,1,1,1
189,Sept 2020,227,1,1,1,1,1,1,1,1
190,Sept 2020,211,1,1,1,1,1,1,1,1
191,Sept 2020,25,1,1,1,1,1,1,1,1
192,Sept 2020,47,1,1,1,1,1,1,1,1
193,Sept 2020,249,1,1,1,1,1,1,1,1
194,Sept 2020,201,1,1,1,1,1,1,1,1
195,Sept 2020,67,1,1,1,1,1,1,1,1
196,Sept 2020,147,1,1,1,1,1,1,1,1
197,Sept 2020,251,1,1,1,1,1,1,1,1
198,Sept 2020,106,1,1,1,1,1,1,1,1
199,Sept 2020,18,1,1,1,1,1,1,1,1
200,Sept 2020,108,1,1,1,1,1,1,1,1
201,Sept 2020,105,1,1,1,1,1,1,1,1
202,Sept 2020,254,1,1,1,1,1,1,1,1
203,Sept 2020,243,1,1,1,1,1,1,1,1
204,Sept 2020,223,1,1,1,1,1,1,1,1
205,Sept 2020,216,1,1,1,1,1,1,1,1
206,Sept 2020,12,1,1,1,1,1,1,1,1
207,Sept 2020,62,1,1,1,1,1,1,1,1
208,Sept 2020,24,1,1,1,1,1,1,1,1
209,Sept 2020,194,1,1,1,1,1,1,1,1
210,Sept 2020,32,1,1,1,1,1,1,1,1
211,Sept 2020,1,1,1,1,1,1,1,1,1
212,Sept 2020,158,1,1,1,1,1,1,1,1
213,Sept 2020,27,1,1,1,1,1,1,1,1
214,Sept 2020,17,1,1,1,1,1,1,1,1
215,Sept 2020,188,1,1,1,1,1,1,1,1
216,Sept 2020,36,1,1,1,1,1,1,1,1
217,Sept 2020,93,1,1,1,1,1,1,1,1
218,Sept 2020,232,1,1,1,1,1,1,1,1
219,Sept 2020,113,1,1,1,1,1,1,1,1
220,Sept 2020,116,1,1,1,1,1,1,1,1
221,Sept 2020,71,1,1,1,1,1,1,1,1
222,Sept 2020,39,1,1,1,1,1,1,1,1
223,Sept 2020,218,1,1,1,1,1,1,1,1
224,Sept 2020,162,1,1,1,1,1,1,1,1
225,Sept 2020,95,1,1,1,1,1,1,1,1
226,Sept 2020,31,1,1,1,1,1,1,1,1
227,Sept 2020,107,1,1,1,1,1,1,1,1
228,Sept 2020,219,1,1,1,1,1,1,1,1
229,Sept 2020,41,1,1,1,1,1,1,1,1
230,Sept 2020,238,1,1,1,1,1,1,1,1
231,Sept 2020,69,1,1,1,1,1,1,1,1
232,Sept 2020,8,1,1,1,1,1,1,1,1
233,Sept 2020,20,1,1,1,1,1,1,1,1
234,Sept 2020,247,1,1,1,1,1,1,1,1
235,Sept 2020,66,1,1,1,1,1,1,1,1
236,Sept 2020,217,1,1,1,1,1,1,1,1
237,Sept 2020,231,1,1,1,1,1,1,1,1
238,Sept 2020,15,1,1,1,1,1,1,1,1
239,Sept 2020,237,1,1,1,1,1,1,1,1
240,Sept 2020,244,1,1,1,1,1,1,1,1
241,Sept 2020,87,1,1,1,1,1,1,1,1
242,Sept 2020,64,1,1,1,1,1,1,1,1
243,Sept 2020,186,1,1,1,1,1,1,1,1
244,Sept 2020,76,1,1,1,1,1,1,1,1
245,Sept 2020,152,1,1,1,1,1,1,1,1
246,Sept 2020,182,1,1,1,1,1,1,1,1
247,Sept 2020,30,1,1,1,1,1,1,1,1
248,Sept 2020,185,1,1,1,1,1,1,1,1
249,Sept 2020,136,1,1,1,1,1,1,1,1
250,Sept 2020,240,1,1,1,1,1,1,1,1
251,Sept 2020,148,1,1,1,1,1,1,1,1
252,Sept 2020,255,1,1,1,1,1,1,1,1
253,Sept 2020,78,1,1,1,1,1,1,1,1
254,Sept 2020,253,1,1,1,1,1,1,1,1
255,Sept 2020,137,1,1,1,1,1,1,1,1
256,Sept 2020,205,1,1,1,1,1,1,1,1
257,Sept 2020,61,1,1,1,1,1,1,1,1
1,Sept 2021,213,27789173,19149876220244,141311522267524,160461398487768,253,238368,53110,38111,122161646047280,1
2,Sept 2021,160,4637679,2413263386782,11649185565815,14062448952597,90,52712,58291,3996,9235922179033,1
3,Sept 2021,256,1903722,822353626380,9590274784788,10412628411168,11,47125,37845,3726,8767921158408,1
4,Sept 2021,28,55578,6699864031102,62833933147,6762697964249,73,141,14825,2224,6637030097955,2
5,Sept 2021,117,402953,403766810146,3210372489073,3614139299219,19,18880,36457,873,2806605678927,1
6,Sept 2021,49,977818,472931992157,2482753720000,2955685712157,14,12849,33748,1044,2009821727843,1
7,Sept 2021,2,1586,9162568063,1341272907259,1350435475322,15,90,1511,26,1332110339196,1
8,Sept 2021,124,211574,147530972391,1151419476460,1298950448851,159,9089,37018,1402,1003888504069,1
9,Sept 2021,132,131750,75361088664,1162148893632,1237509982296,156,8592,24203,410,1086787804968,1
10,Sept 2021,123,152797,93434580374,1038894920288,1132329500662,141,7520,22447,289,945460339914,1
11,Sept 2021,210,1334,705583781086,245147040455,950730821541,2,929,1,1286,460436740631,2
12,Sept 2021,133,108637,88523468303,827453501750,915976970053,119,8545,23511,1102,738930033447,1
13,Sept 2021,112,127181,82635662562,786062289224,868697951786,130,7357,33933,274,703426626662,1
14,Sept 2021,228,104644,58648460772,804355824794,863004285566,122,7497,22557,332,745707364022,1
15,Sept 2021,171,113739,80420870781,764983715830,845404586611,146,7549,23907,342,684562845049,1
16,Sept 2021,131,110875,80676942133,735310677469,815987619602,136,8184,22616,391,654633735336,1
17,Sept 2021,134,98825,65359729852,735573807174,800933537026,144,6939,22757,415,670214077322,1
18,Sept 2021,98,105912,68174884533,714854548980,783029433513,136,7183,23470,238,646679664447,1
19,Sept 2021,161,110877,83789695988,690470789447,774260485435,157,7702,23112,195,606681093459,1
20,Sept 2021,128,115894,80537042884,656158260634,736695303518,106,8111,27407,661,575621217750,1
21,Sept 2021,127,114560,70896204012,652176535540,723072739552,163,7774,23119,321,581280331528,1
22,Sept 2021,195,98982,75736480448,642768318201,718504798649,200,6821,23336,210,567031837753,1
23,Sept 2021,70,112947,47754456115,661079281810,708833737925,110,7196,23804,219,613324825695,1
24,Sept 2021,229,96364,76305710812,626404615798,702710326610,126,6946,22305,420,550098904986,1
25,Sept 2021,46,44490,69529988767,596515499944,666045488711,44,3902,17057,168,526985511177,1
26,Sept 2021,73,161917,59071593361,466870024997,525941618358,95,6090,19271,80,407798431636,1
27,Sept 2021,197,43131,70234816482,286714944457,356949760939,120,4091,18327,140,216480127975,1
28,Sept 2021,79,25303,184849956064,155523598206,340373554270,14,125,12123,341,29326357858,2
29,Sept 2021,48,47035,39210291119,299521743669,338732034788,8,1854,17976,100,260311452550,1
30,Sept 2021,16,55798,57656563647,246851216280,304507779927,8,3582,21780,26,189194652633,1
31,Sept 2021,81,599409,91423477848,190652956715,282076434563,12,2786,22625,76,99229478867,1
32,Sept 2021,119,19475,32756977162,201255828221,234012805383,32,1627,11783,53,168498851059,1
33,Sept 2021,235,508684,4425327285,213046376016,217471703301,2,527,28230,2,208621048731,1
34,Sept 2021,143,13567,7712936625,201105031311,208817967936,6,2054,10890,40,193392094686,1
35,Sept 2021,65,12520,130527189981,49158110992,179685300973,11,1134,8715,18,81369078989,2
36,Sept 2021,184,40963,22688160176,143303216149,165991376325,12,3752,18908,2715,120615055973,1
37,Sept 2021,74,41883,23221721015,121525507547,144747228562,67,3088,15519,53,98303786532,1
38,Sept 2021,169,16302,36493015065,105601273688,142094288753,10,1908,10514,8,69108258623,1
39,Sept 2021,90,36568,10234795123,126796170844,137030965967,79,2912,19801,17,116561375721,1
40,Sept 2021,7,29792,17314408026,119211396738,136525804764,13,2531,19529,17,101896988712,1
41,Sept 2021,198,33590,8492334733,124329618335,132821953068,1,3332,14456,16,115837283602,1
42,Sept 2021,165,29531,30384244492,95309949692,125694194184,23,2721,18852,29,64925705200,1
43,Sept 2021,154,20589,20826698046,104460602743,125287300789,23,2024,14881,12,83633904697,1
44,Sept 2021,51,24592,33897738813,86046485660,119944224473,37,1776,13193,623,52148746847,1
45,Sept 2021,91,19422,4658258136,107098997318,111757255454,45,2292,11757,393,102440739182,1
46,Sept 2021,129,25074,22721208709,83374468996,106095677705,42,1616,14027,11,60653260287,1
47,Sept 2021,85,29997,22200357419,79259592610,101459950029,94,2873,14153,27,57059235191,1
48,Sept 2021,236,28642,34579784891,62658099033,97237883924,1,2889,15978,28,28078314142,1
49,Sept 2021,118,29552,15340233974,75352255840,90692489814,42,2663,18227,26,60012021866,1
50,Sept 2021,149,25179,3962512097,82188777646,86151289743,167,2570,12685,28,78226265549,1
51,Sept 2021,141,17174,6133525781,70404207032,76537732813,20,1368,11661,14,64270681251,1
52,Sept 2021,181,43581,9515727656,65990027100,75505754756,77,2789,17445,33,56474299444,1
53,Sept 2021,246,25492,3824543294,70086572428,73911115722,76,882,10837,4,66262029134,1
54,Sept 2021,191,5835,2187664137,71694796637,73882460774,7,629,5112,4,69507132500,1
55,Sept 2021,130,28812,10209283200,61824179198,72033462398,48,1974,13652,14,51614895998,1
56,Sept 2021,221,21374,10761247078,58872725625,69633972703,32,2093,12259,65,48111478547,1
57,Sept 2021,44,11690,3017020648,65144113565,68161134213,1,627,8261,188,62127092917,1
58,Sept 2021,168,17450,30404633666,37631223398,68035857064,31,1868,10158,1471,7226589732,1
59,Sept 2021,89,26129,12177555386,54122757609,66300312995,47,2123,13232,16,41945202223,1
60,Sept 2021,234,15588,18772674986,43798047092,62570722078,20,1092,10718,10,25025372106,1
61,Sept 2021,83,17999,11225954775,45164751082,56390705857,20,2742,12571,97,33938796307,1
62,Sept 2021,104,20672,9524448386,44072098001,53596546387,17,1521,11759,17,34547649615,1
63,Sept 2021,47,4716,2397486152,50651618595,53049104747,1,719,4024,115,48254132443,1
64,Sept 2021,204,4369,4283238943,44312546167,48595785110,1,834,3809,89,40029307224,1
65,Sept 2021,125,11822,5733272737,42588091172,48321363909,12,1788,8941,13,36854818435,1
66,Sept 2021,215,21393,13468662640,33769804227,47238466867,30,1282,15425,129,20301141587,1
67,Sept 2021,156,15910,24753510253,20969928058,45723438311,22,927,10204,6,3783582195,2
68,Sept 2021,120,10337,3337086720,42116756574,45453843294,7,863,7630,24,38779669854,1
69,Sept 2021,82,13468,6423284822,36916276079,43339560901,26,1728,9598,43,30492991257,1
70,Sept 2021,54,10578,1428977358,41751281707,43180259065,106,578,7933,4,40322304349,1
71,Sept 2021,170,17311,3110062839,38121087761,41231150600,31,1882,11115,43,35011024922,1
72,Sept 2021,206,13596,2474845409,35026009289,37500854698,43,1005,9070,4,32551163880,1
73,Sept 2021,101,12648,3693125124,33526236644,37219361768,18,1316,9281,93,29833111520,1
74,Sept 2021,146,22241,3904818007,31058987183,34963805190,25,1481,12248,6,27154169176,1
75,Sept 2021,225,10690,7719012338,27093041415,34812053753,25,1518,8928,15,19374029077,1
76,Sept 2021,56,21718,5247105885,29181237438,34428343323,28,1163,13439,7,23934131553,1
77,Sept 2021,150,13805,5143544174,28562396838,33705941012,20,1107,9226,4,23418852664,1
78,Sept 2021,99,8878,1504910190,27413080663,28917990853,10,1081,6845,7,25908170473,1
79,Sept 2021,52,3190,730156203,27869079444,28599235647,33,515,2971,174,27138923241,1
80,Sept 2021,103,7127,2623001225,24253230298,26876231523,2,863,5712,6,21630229073,1
81,Sept 2021,180,9100,2841834591,23290375021,26132209612,20,724,6860,7,20448540430,1
82,Sept 2021,57,6812,11499862137,14535379025,26035241162,21,601,5749,10,3035516888,1
83,Sept 2021,58,5889,3397353539,20933708102,24331061641,4,1057,4927,11,17536354563,1
84,Sept 2021,196,3297,679562672,23196206915,23875769587,4,183,2773,2,22516644243,1
85,Sept 2021,179,3465,18638363866,3684690885,22323054751,6,699,1719,1377,14953672981,2
86,Sept 2021,6,7411,1871962035,20167626440,22039588475,16,1112,6171,8,18295664405,1
87,Sept 2021,167,11498,1421579234,19593336490,21014915724,13,888,8284,3,18171757256,1
88,Sept 2021,178,8324,1233786859,18531874453,19765661312,14,791,6531,4,17298087594,1
89,Sept 2021,9,4561,731885811,18621801209,19353687020,13,261,4014,2,17889915398,1
90,Sept 2021,239,4014,557356516,18070625089,18627981605,25,280,3162,2,17513268573,1
91,Sept 2021,77,4633,1160438252,17006971795,18167410047,4,700,2754,15,15846533543,1
92,Sept 2021,122,3744,1210761392,16915931661,18126693053,16,445,3480,62,15705170269,1
93,Sept 2021,138,3178,509667767,16834863610,17344531377,3,104,2596,2,16325195843,1
94,Sept 2021,250,12933,1521614954,15719979344,17241594298,5,1413,9921,24,14198364390,1
95,Sept 2021,84,3065,696353647,14372400814,15068754461,2,535,2805,4,13676047167,1
96,Sept 2021,96,154,11256367735,2270478001,13526845736,6,89,4,151,8985889734,2
97,Sept 2021,224,3668,400770239,12713909279,13114679518,7,858,3433,4,12313139040,1
98,Sept 2021,226,2325,746659333,12155489129,12902148462,4,163,2153,2,11408829796,1
99,Sept 2021,4,7263,6005873450,6299647861,12305521311,9,577,6055,46,293774411,1
100,Sept 2021,145,1896,529885560,11258301426,11788186986,5,107,1679,2,10728415866,1
101,Sept 2021,159,4821,2355546237,9171490461,11527036698,8,588,4210,4,6815944224,1
102,Sept 2021,166,3088,2110306914,8509572796,10619879710,6,552,2855,5,6399265882,1
103,Sept 2021,5,4180,227704903,9110903542,9338608445,10,182,3801,10,8883198639,1
104,Sept 2021,53,27784,928917442,8269886209,9198803651,2,254,17688,8,7340968767,1
105,Sept 2021,155,5477,5367583148,3456612301,8824195449,13,638,1239,3931,1910970847,2
106,Sept 2021,203,5695,812519478,7515212135,8327731613,8,696,4877,3,6702692657,1
107,Sept 2021,232,964,212236683,7816773031,8029009714,1,183,890,15,7604536348,1
108,Sept 2021,164,4096,700641001,6977237102,7677878103,10,675,3755,7,6276596101,1
109,Sept 2021,115,6272,1081394244,6260500585,7341894829,5,677,5217,3,5179106341,1
110,Sept 2021,80,3694,879609654,6017395417,6897005071,2,556,3389,5,5137785763,1
111,Sept 2021,242,1773,1720700874,2907891254,4628592128,5,463,1723,26,1187190380,1
112,Sept 2021,241,3059,147049112,4305793943,4452843055,10,438,2879,4,4158744831,1
113,Sept 2021,153,889,570742191,3825305884,4396048075,2,226,868,3,3254563693,1
114,Sept 2021,110,1188,236276200,3920044579,4156320779,2,314,1149,3,3683768379,1
115,Sept 2021,175,1076,336884038,2734791329,3071675367,1,85,1039,4,2397907291,1
116,Sept 2021,29,1932,691009024,2242741970,2933750994,4,520,1829,3,1551732946,1
117,Sept 2021,209,669,357519338,2559232261,2916751599,6,76,665,3,2201712923,1
118,Sept 2021,207,1929,903555229,1641519413,2545074642,4,400,1823,23,737964184,1
119,Sept 2021,172,589,106858108,1905242278,2012100386,2,40,576,2,1798384170,1
120,Sept 2021,200,2544,96017645,1801319255,1897336900,12,73,2445,2,1705301610,1
121,Sept 2021,55,1425,229905766,1568743722,1798649488,4,287,1371,4,1338837956,1
122,Sept 2021,94,1775,1545076095,89450927,1634527022,3,58,1653,1496,1455625168,2
123,Sept 2021,14,1624,55489033,1566323582,1621812615,3,103,1496,2,1510834549,1
124,Sept 2021,174,1201,258590399,1345835916,1604426315,3,125,1159,3,1087245517,1
125,Sept 2021,208,2463,732601014,734328222,1466929236,32,58,2319,3,1727208,1
126,Sept 2021,190,1529,27999391,1372425842,1400425233,20,86,1315,151,1344426451,1
127,Sept 2021,248,671,174249655,1220231631,1394481286,2,86,648,3,1045981976,1
128,Sept 2021,176,256,244320646,1095093263,1339413909,4,110,249,5,850772617,1
129,Sept 2021,92,488,375307653,933660350,1308968003,4,82,484,3,558352697,1
130,Sept 2021,75,1134,41509344,895566725,937076069,1,76,1091,3,854057381,1
131,Sept 2021,142,37,9664105,507071811,516735916,3,6,37,2,497407706,1
132,Sept 2021,192,80,4156576,452159311,456315887,3,14,80,2,448002735,1
133,Sept 2021,22,219,16842519,381293989,398136508,1,57,208,2,364451470,1
134,Sept 2021,23,108,7505489,275590621,283096110,1,4,108,1,268085132,1
135,Sept 2021,102,18,1201390,245342121,246543511,3,9,18,2,244140731,1
136,Sept 2021,50,66,3863609,239333162,243196771,3,17,66,2,235469553,1
137,Sept 2021,151,813,130799736,98840803,229640539,1,11,802,2,31958933,2
138,Sept 2021,88,434,6967294,106875806,113843100,1,2,434,1,99908512,1
139,Sept 2021,35,93,2529793,101466752,103996545,7,16,93,2,98936959,1
140,Sept 2021,214,29,3937121,87120421,91057542,1,10,29,1,83183300,1
141,Sept 2021,111,172,38819978,43582984,82402962,1,3,4,2,4763006,1
142,Sept 2021,43,1,14774453,9207356,23981809,1,1,1,1,5567097,2
143,Sept 2021,220,6,5232050,168864,5400914,1,4,1,6,5063186,2
144,Sept 2021,183,11,179143,4410521,4589664,2,7,11,2,4231378,1
145,Sept 2021,13,13,3416037,303331,3719368,1,2,13,1,3112706,2
146,Sept 2021,19,12,32768,1927822,1960590,1,1,12,1,1895054,1
147,Sept 2021,1,3,3717,1832481,1836198,1,1,1,1,1828764,1
148,Sept 2021,222,7,14834,814071,828905,1,3,7,1,799237,1
149,Sept 2021,10,1,6932,284754,291686,1,1,1,1,277822,1
150,Sept 2021,86,2,8009,204469,212478,1,1,2,1,196460,1
151,Sept 2021,38,1,128324,34666,162990,1,1,1,1,93658,2
152,Sept 2021,199,1,1,1,1,1,1,1,1
153,Sept 2021,33,1,1,1,1,1,1,1,1
154,Sept 2021,126,1,1,1,1,1,1,1,1
155,Sept 2021,60,1,1,1,1,1,1,1,1
156,Sept 2021,72,1,1,1,1,1,1,1,1
157,Sept 2021,139,1,1,1,1,1,1,1,1
158,Sept 2021,177,1,1,1,1,1,1,1,1
159,Sept 2021,202,1,1,1,1,1,1,1,1
160,Sept 2021,144,1,1,1,1,1,1,1,1
161,Sept 2021,63,1,1,1,1,1,1,1,1
162,Sept 2021,97,1,1,1,1,1,1,1,1
163,Sept 2021,230,1,1,1,1,1,1,1,1
164,Sept 2021,26,1,1,1,1,1,1,1,1
165,Sept 2021,140,1,1,1,1,1,1,1,1
166,Sept 2021,157,1,1,1,1,1,1,1,1
167,Sept 2021,39,1,1,1,1,1,1,1,1
168,Sept 2021,0,1,1,1,1,1,1,1,1
169,Sept 2021,216,1,1,1,1,1,1,1,1
170,Sept 2021,21,1,1,1,1,1,1,1,1
171,Sept 2021,37,1,1,1,1,1,1,1,1
172,Sept 2021,108,1,1,1,1,1,1,1,1
173,Sept 2021,45,1,1,1,1,1,1,1,1
174,Sept 2021,93,1,1,1,1,1,1,1,1
175,Sept 2021,223,1,1,1,1,1,1,1,1
176,Sept 2021,12,1,1,1,1,1,1,1,1
177,Sept 2021,193,1,1,1,1,1,1,1,1
178,Sept 2021,34,1,1,1,1,1,1,1,1
179,Sept 2021,121,1,1,1,1,1,1,1,1
180,Sept 2021,59,1,1,1,1,1,1,1,1
181,Sept 2021,3,1,1,1,1,1,1,1,1
182,Sept 2021,11,1,1,1,1,1,1,1,1
183,Sept 2021,212,1,1,1,1,1,1,1,1
184,Sept 2021,245,1,1,1,1,1,1,1,1
185,Sept 2021,217,1,1,1,1,1,1,1,1
186,Sept 2021,249,1,1,1,1,1,1,1,1
187,Sept 2021,189,1,1,1,1,1,1,1,1
188,Sept 2021,114,1,1,1,1,1,1,1,1
189,Sept 2021,187,1,1,1,1,1,1,1,1
190,Sept 2021,135,1,1,1,1,1,1,1,1
191,Sept 2021,116,1,1,1,1,1,1,1,1
192,Sept 2021,66,1,1,1,1,1,1,1,1
193,Sept 2021,109,1,1,1,1,1,1,1,1
194,Sept 2021,173,1,1,1,1,1,1,1,1
195,Sept 2021,233,1,1,1,1,1,1,1,1
196,Sept 2021,113,1,1,1,1,1,1,1,1
197,Sept 2021,40,1,1,1,1,1,1,1,1
198,Sept 2021,105,1,1,1,1,1,1,1,1
199,Sept 2021,68,1,1,1,1,1,1,1,1
200,Sept 2021,42,1,1,1,1,1,1,1,1
201,Sept 2021,182,1,1,1,1,1,1,1,1
202,Sept 2021,62,1,1,1,1,1,1,1,1
203,Sept 2021,227,1,1,1,1,1,1,1,1
204,Sept 2021,243,1,1,1,1,1,1,1,1
205,Sept 2021,87,1,1,1,1,1,1,1,1
206,Sept 2021,8,1,1,1,1,1,1,1,1
207,Sept 2021,67,1,1,1,1,1,1,1,1
208,Sept 2021,27,1,1,1,1,1,1,1,1
209,Sept 2021,71,1,1,1,1,1,1,1,1
210,Sept 2021,17,1,1,1,1,1,1,1,1
211,Sept 2021,78,1,1,1,1,1,1,1,1
212,Sept 2021,18,1,1,1,1,1,1,1,1
213,Sept 2021,24,1,1,1,1,1,1,1,1
214,Sept 2021,76,1,1,1,1,1,1,1,1
215,Sept 2021,69,1,1,1,1,1,1,1,1
216,Sept 2021,106,1,1,1,1,1,1,1,1
217,Sept 2021,20,1,1,1,1,1,1,1,1
218,Sept 2021,25,1,1,1,1,1,1,1,1
219,Sept 2021,95,1,1,1,1,1,1,1,1
220,Sept 2021,31,1,1,1,1,1,1,1,1
221,Sept 2021,32,1,1,1,1,1,1,1,1
222,Sept 2021,15,1,1,1,1,1,1,1,1
223,Sept 2021,64,1,1,1,1,1,1,1,1
224,Sept 2021,158,1,1,1,1,1,1,1,1
225,Sept 2021,185,1,1,1,1,1,1,1,1
226,Sept 2021,188,1,1,1,1,1,1,1,1
227,Sept 2021,186,1,1,1,1,1,1,1,1
228,Sept 2021,41,1,1,1,1,1,1,1,1
229,Sept 2021,231,1,1,1,1,1,1,1,1
230,Sept 2021,163,1,1,1,1,1,1,1,1
231,Sept 2021,147,1,1,1,1,1,1,1,1
232,Sept 2021,30,1,1,1,1,1,1,1,1
233,Sept 2021,152,1,1,1,1,1,1,1,1
234,Sept 2021,36,1,1,1,1,1,1,1,1
235,Sept 2021,61,1,1,1,1,1,1,1,1
236,Sept 2021,205,1,1,1,1,1,1,1,1
237,Sept 2021,201,1,1,1,1,1,1,1,1
238,Sept 2021,107,1,1,1,1,1,1,1,1
239,Sept 2021,100,1,1,1,1,1,1,1,1
240,Sept 2021,253,1,1,1,1,1,1,1,1
241,Sept 2021,244,1,1,1,1,1,1,1,1
242,Sept 2021,136,1,1,1,1,1,1,1,1
243,Sept 2021,240,1,1,1,1,1,1,1,1
244,Sept 2021,252,1,1,1,1,1,1,1,1
245,Sept 2021,148,1,1,1,1,1,1,1,1
246,Sept 2021,194,1,1,1,1,1,1,1,1
247,Sept 2021,219,1,1,1,1,1,1,1,1
248,Sept 2021,237,1,1,1,1,1,1,1,1
249,Sept 2021,162,1,1,1,1,1,1,1,1
250,Sept 2021,254,1,1,1,1,1,1,1,1
251,Sept 2021,247,1,1,1,1,1,1,1,1
252,Sept 2021,211,1,1,1,1,1,1,1,1
253,Sept 2021,137,1,1,1,1,1,1,1,1
254,Sept 2021,218,1,1,1,1,1,1,1,1
255,Sept 2021,251,1,1,1,1,1,1,1,1
256,Sept 2021,238,1,1,1,1,1,1,1,1
257,Sept 2021,255,1,1,1,1,1,1,1,1
