Rank,Week,TargetSubnet,Connections,Outbound,Inbound,TotalBytes,SourceIPs,TargetIPs,SourcePorts,TargetPorts,Difference,Color
1,Feb 2020,213,110444,1161036085077,1718159442957,2879195528034,57775,254,34273,24864,557123357880,In > Out
2,Feb 2020,96,1593990,873653054773,57047803356,930700858129,173035,43,64558,6,816605251417,Out > In
3,Feb 2020,125,2944,6863488787,447059532968,453923021755,1304,7,2206,27,440196044181,In > Out
4,Feb 2020,181,340004,359911531275,14146856132,374058387407,4525,14,55636,45,345764675143,Out > In
5,Feb 2020,2,93547,347151325253,20948856878,368100182131,18331,31,41783,101,326202468375,Out > In
6,Feb 2020,142,497374,291338755386,16936129242,308274884628,6954,44,61196,23633,274402626144,Out > In
7,Feb 2020,208,234549,273320977421,5798894797,279119872218,44922,33,53531,5,267522082624,Out > In
8,Feb 2020,49,2941,192890178021,73499840284,266390018305,903,17,1832,1103,119390337737,Out > In
9,Feb 2020,155,365833,217955466517,5764014504,223719481021,14480,27,58341,466,212191452013,Out > In
10,Feb 2020,215,175570,183758953566,6700291042,190459244608,4493,8,53757,30,177058662524,Out > In
11,Feb 2020,160,11442,68260958765,121062838527,189323797292,4475,63,5423,7964,52801879762,In > Out
12,Feb 2020,221,175491,179716821981,6699247286,186416069267,4616,12,53635,11,173017574695,Out > In
13,Feb 2020,225,173742,178366714703,6781014378,185147729081,4619,12,54131,30,171585700325,Out > In
14,Feb 2020,168,168660,175605030063,6670996966,182276027029,4405,9,53549,12,168934033097,Out > In
15,Feb 2020,150,178102,174360087065,7160864901,181520951966,4414,4,54087,21,167199222164,Out > In
16,Feb 2020,235,318992,171053083826,4755022560,175808106386,11877,2,43040,2,166298061266,Out > In
17,Feb 2020,73,57893,149574798118,7385097253,156959895371,10826,26,28891,102,142189700865,Out > In
18,Feb 2020,38,315024,114024558071,36078732099,150103290170,35632,22,52967,2,77945825972,Out > In
19,Feb 2020,256,9009,61419703476,80705472681,142125176157,5663,16,4208,4148,19285769205,In > Out
20,Feb 2020,52,3210,138677365430,1866586762,140543952192,406,17,3024,19,136810778668,Out > In
21,Feb 2020,200,75469,115472071478,2702396335,118174467813,18949,32,33178,2,112769675143,Out > In
22,Feb 2020,90,136568,97988786269,5157910496,103146696765,777,13,50555,45,92830875773,Out > In
23,Feb 2020,37,15583,81409066995,3681931504,85090998499,4374,1,12408,2,77727135491,Out > In
24,Feb 2020,179,43569,64442540831,4956246483,69398787314,4434,7,13480,14,59486294348,Out > In
25,Feb 2020,19,47028,34806916339,24209227870,59016144209,14767,17,23582,4,10597688469,Out > In
26,Feb 2020,122,7359,54377006994,3351701065,57728708059,1014,10,3523,13,51025305929,Out > In
27,Feb 2020,169,465,44381887300,8585896799,52967784099,95,7,387,8,35795990501,Out > In
28,Feb 2020,124,1190,29985781195,22683333762,52669114957,832,82,635,440,7302447433,Out > In
29,Feb 2020,70,3041,26772606533,20809301030,47581907563,1568,82,1753,207,5963305503,Out > In
30,Feb 2020,132,838,19524989787,22398814271,41923804058,565,111,545,376,2873824484,In > Out
31,Feb 2020,112,1035,20619624615,20963848349,41583472964,771,80,711,198,344223734,In > Out
32,Feb 2020,143,1061,14803069789,26584695348,41387765137,382,34,503,212,11781625559,In > Out
33,Feb 2020,161,2544,18194302975,22567977612,40762280587,1773,90,1336,732,4373674637,In > Out
34,Feb 2020,190,65270,31638153439,6684626140,38322779579,16193,21,37208,8,24953527299,Out > In
35,Feb 2020,212,8295,35583918071,2265479698,37849397769,2231,6,7189,3,33318438373,Out > In
36,Feb 2020,131,3123,13585601275,23595506726,37181108001,2962,86,2221,559,10009905451,In > Out
37,Feb 2020,98,677,9237726893,27911251928,37148978821,539,88,511,397,18673525035,In > Out
38,Feb 2020,133,478,15466659748,21608415011,37075074759,382,81,342,241,6141755263,In > Out
39,Feb 2020,171,1179,18492486748,15179830710,33672317458,987,80,943,267,3312656038,Out > In
40,Feb 2020,134,1016,15541889378,17404638428,32946527806,675,93,829,262,1862749050,In > Out
41,Feb 2020,229,795,15350473734,16421809683,31772283417,510,83,498,231,1071335949,In > Out
42,Feb 2020,127,432,16368481656,14338172488,30706654144,330,97,280,274,2030309168,Out > In
43,Feb 2020,35,44270,26552523821,3995033644,30547557465,6165,17,26992,4,22557490177,Out > In
44,Feb 2020,123,620,13018749916,13050676633,26069426549,343,96,310,375,31926717,In > Out
45,Feb 2020,81,24385,17379804498,8519681658,25899486156,1255,1,13679,1,8860122840,Out > In
46,Feb 2020,228,463,12075277997,13339926959,25415204956,294,81,250,304,1264648962,In > Out
47,Feb 2020,195,668,12933284497,12395946815,25329231312,468,104,434,221,537337682,Out > In
48,Feb 2020,51,2306,22078577738,1853619761,23932197499,150,9,1929,458,20224957977,Out > In
49,Feb 2020,59,15209,15200500162,8578576604,23779076766,835,4,12303,77,6621923558,Out > In
50,Feb 2020,128,839,10125632633,13544578946,23670211579,498,80,536,276,3418946313,In > Out
51,Feb 2020,91,6065,22966939589,519500250,23486439839,1403,10,5706,17,22447439339,Out > In
52,Feb 2020,55,3834,18172280227,416633170,18588913397,996,7,3574,12,17755647057,Out > In
53,Feb 2020,65,2733,5647240801,7410872132,13058112933,45,6,2635,18,1763631331,In > Out
54,Feb 2020,241,5,12279234535,94119815,12373354350,4,4,5,2,12185114720,Out > In
55,Feb 2020,197,177,5333280877,6469030286,11802311163,118,65,110,96,1135749409,In > Out
56,Feb 2020,60,13016,9135461586,1471270422,10606732008,2858,28,10525,3,7664191164,Out > In
57,Feb 2020,104,32,7676051394,2345694726,10021746120,15,10,32,14,5330356668,Out > In
58,Feb 2020,74,1193,2456289621,7056883533,9513173154,319,19,409,23,4600593912,In > Out
59,Feb 2020,99,527,7041429296,1740518503,8781947799,236,16,404,32,5300910793,Out > In
60,Feb 2020,16,192,5760807224,2187824245,7948631469,101,8,139,153,3572982979,Out > In
61,Feb 2020,129,3370,3530353297,3999417723,7529771020,835,21,2500,54,469064426,In > Out
62,Feb 2020,7,1287,4462212732,2668110326,7130323058,322,19,1234,26,1794102406,Out > In
63,Feb 2020,94,2234,5683792184,1014595531,6698387715,341,3,1380,482,4669196653,Out > In
64,Feb 2020,86,16872,6307614414,195375199,6502989613,6335,3,13090,2,6112239215,Out > In
65,Feb 2020,5,601,1660947098,4818463606,6479410704,174,10,591,32,3157516508,In > Out
66,Feb 2020,85,137,4272792728,1867636222,6140428950,71,6,42,13,2405156506,Out > In
67,Feb 2020,79,335,1167637311,4853934774,6021572085,15,5,77,275,3686297463,In > Out
68,Feb 2020,103,342,4853345705,135210019,4988555724,161,3,238,8,4718135686,Out > In
69,Feb 2020,146,8269,4325560106,447434889,4772994995,1239,1,5940,2,3878125217,Out > In
70,Feb 2020,4,47,3655273078,165290829,3820563907,11,6,33,42,3489982249,Out > In
71,Feb 2020,184,317,1011393931,2676000227,3687394158,99,10,174,130,1664606296,In > Out
72,Feb 2020,58,7,1647652759,2011941903,3659594662,7,5,5,7,364289144,In > Out
73,Feb 2020,46,603,1298995981,2091818107,3390814088,459,39,358,220,792822126,In > Out
74,Feb 2020,118,207,715261689,2595450604,3310712293,90,19,121,91,1880188915,In > Out
75,Feb 2020,154,19,1795355670,1093569961,2888925631,4,3,19,17,701785709,Out > In
76,Feb 2020,101,550,2693507030,192574236,2886081266,280,17,467,39,2500932794,Out > In
77,Feb 2020,109,4,1535470079,1293889346,2829359425,2,1,4,4,241580733,Out > In
78,Feb 2020,57,3863,2672080652,98185352,2770266004,213,4,3290,21,2573895300,Out > In
79,Feb 2020,48,110,624008095,1861620041,2485628136,43,33,107,43,1237611946,In > Out
80,Feb 2020,165,1648,2331198616,101123503,2432322119,168,4,1117,7,2230075113,Out > In
81,Feb 2020,198,495,2222345900,133589351,2355935251,139,1,184,9,2088756549,Out > In
82,Feb 2020,45,131,506122158,1814695509,2320817667,44,35,122,38,1308573351,In > Out
83,Feb 2020,117,965,1765801557,313264142,2079065699,79,11,617,225,1452537415,Out > In
84,Feb 2020,102,211,1478337613,529926924,2008264537,64,1,210,1,948410689,Out > In
85,Feb 2020,44,199,451651273,1342386261,1794037534,83,41,186,53,890734988,In > Out
86,Feb 2020,234,120,285271964,1451526072,1736798036,82,9,66,15,1166254108,In > Out
87,Feb 2020,92,618,1470191631,182989164,1653180795,106,8,538,18,1287202467,Out > In
88,Feb 2020,141,3,379623781,1240914022,1620537803,3,1,3,3,861290241,In > Out
89,Feb 2020,89,35,866014944,713401816,1579416760,20,6,24,25,152613128,Out > In
90,Feb 2020,242,57,969440258,518783656,1488223914,34,10,55,16,450656602,Out > In
91,Feb 2020,119,371,923145890,378227238,1301373128,162,11,353,146,544918652,Out > In
92,Feb 2020,236,46,304604606,932488696,1237093302,28,1,28,41,627884090,In > Out
93,Feb 2020,204,253,291523767,855329680,1146853447,105,17,92,32,563805913,In > Out
94,Feb 2020,130,30,575429222,421233817,996663039,22,10,9,30,154195405,Out > In
95,Feb 2020,83,41,332071869,559177878,891249747,21,5,15,11,227106009,In > Out
96,Feb 2020,29,165,328690564,522039424,850729988,26,2,66,40,193348860,In > Out
97,Feb 2020,115,3,740432233,6314664,746746897,2,1,3,3,734117569,Out > In
98,Feb 2020,14,38,525971220,192855280,718826500,11,6,37,17,333115940,Out > In
99,Feb 2020,82,57,461527180,195716196,657243376,18,8,48,17,265810984,Out > In
100,Feb 2020,56,11,143235883,505127964,648363847,9,4,5,11,361892081,In > Out
101,Feb 2020,250,460,204100659,435117154,639217813,78,8,68,218,231016495,In > Out
102,Feb 2020,207,1204,488525138,86196153,574721291,137,1,1032,1,402328985,Out > In
103,Feb 2020,183,723,452686267,92136665,544822932,94,5,656,7,360549602,Out > In
104,Feb 2020,206,618,403347382,111585434,514932816,187,4,441,3,291761948,Out > In
105,Feb 2020,53,21,426773309,50537359,477310668,17,3,21,12,376235950,Out > In
106,Feb 2020,77,1663,241894243,228805476,470699719,20,4,30,6,13088767,Out > In
107,Feb 2020,111,56,174918754,136664860,311583614,20,1,32,16,38253894,Out > In
108,Feb 2020,164,315,239157544,42525038,281682582,53,6,210,4,196632506,Out > In
109,Feb 2020,149,176,223055472,50248518,273303990,62,5,136,12,172806954,Out > In
110,Feb 2020,209,22,216840487,5265903,222106390,11,6,22,2,211574584,Out > In
111,Feb 2020,166,9,66081244,154433748,220514992,5,3,3,9,88352504,In > Out
112,Feb 2020,157,5,80441740,123736834,204178574,2,1,4,4,43295094,In > Out
113,Feb 2020,156,888,131848713,58101422,189950135,222,2,281,10,73747291,Out > In
114,Feb 2020,170,665,95172000,77223129,172395129,20,6,643,22,17948871,Out > In
115,Feb 2020,180,129,123411663,37204748,160616411,93,2,111,4,86206915,Out > In
116,Feb 2020,191,26,132406792,22176000,154582792,13,4,8,26,110230792,Out > In
117,Feb 2020,239,2,93233296,48427592,141660888,2,1,2,2,44805704,Out > In
118,Feb 2020,3,18,119095307,7096187,126191494,3,2,4,3,111999120,Out > In
119,Feb 2020,224,1,32556186,68375153,100931339,1,1,1,1,35818967,In > Out
120,Feb 2020,153,15,5771156,70212482,75983638,3,2,2,4,64441326,In > Out
121,Feb 2020,120,7,35166514,39653005,74819519,6,3,7,4,4486491,In > Out
122,Feb 2020,167,19,44444092,6860757,51304849,17,3,19,18,37583335,Out > In
123,Feb 2020,196,73,29140666,16836236,45976902,25,36,73,4,12304430,Out > In
124,Feb 2020,100,141,29227685,11994375,41222060,91,2,97,33,17233310,Out > In
125,Feb 2020,126,59,24567441,5610512,30177953,2,2,59,1,18956929,Out > In
126,Feb 2020,174,22,10267580,18998308,29265888,2,1,1,2,8730728,In > Out
127,Feb 2020,72,66,16925820,3985593,20911413,43,19,65,2,12940227,Out > In
128,Feb 2020,222,77,9386726,9232846,18619572,5,2,7,2,153880,Out > In
129,Feb 2020,43,13,12608084,240747,12848831,1,1,13,1,12367337,Out > In
130,Feb 2020,145,88,451852,10652364,11104216,2,36,88,1,10200512,In > Out
131,Feb 2020,47,84,431568,10303786,10735354,2,34,83,1,9872218,In > Out
132,Feb 2020,139,76,420432,9924513,10344945,2,30,75,1,9504081,In > Out
133,Feb 2020,1,43,4886568,4800416,9686984,2,1,7,1,86152,Out > In
134,Feb 2020,246,2,707367,7675514,8382881,2,2,2,2,6968147,In > Out
135,Feb 2020,25,21,7033789,327374,7361163,10,1,21,1,6706415,Out > In
136,Feb 2020,144,49,266856,6388354,6655210,2,25,49,1,6121498,In > Out
137,Feb 2020,97,38,190356,4550339,4740695,2,17,38,1,4359983,In > Out
138,Feb 2020,9,3,1432194,3112788,4544982,3,2,3,3,1680594,In > Out
139,Feb 2020,34,11,2092605,2060182,4152787,3,1,11,1,32423,Out > In
140,Feb 2020,84,1,3398398,664483,4062881,1,1,1,1,2733915,Out > In
141,Feb 2020,80,7,230766,3628631,3859397,7,3,7,3,3397865,In > Out
142,Feb 2020,110,5,3494823,363565,3858388,2,1,5,2,3131258,Out > In
143,Feb 2020,54,12,2382625,414504,2797129,9,1,12,2,1968121,Out > In
144,Feb 2020,192,2,91451,2248199,2339650,1,1,1,2,2156748,In > Out
145,Feb 2020,151,13,73024,1692185,1765209,2,6,13,1,1619161,In > Out
146,Feb 2020,176,9,1101179,598928,1700107,6,4,9,2,502251,Out > In
147,Feb 2020,202,7,1071787,336158,1407945,5,3,7,1,735629,Out > In
148,Feb 2020,114,1,1246060,78532,1324592,1,1,1,1,1167528,Out > In
149,Feb 2020,159,3,1186288,8488,1194776,1,1,3,3,1177800,Out > In
150,Feb 2020,63,2,242363,820242,1062605,2,1,1,2,577879,In > Out
151,Feb 2020,203,3,63413,919840,983253,1,1,1,3,856427,In > Out
152,Feb 2020,230,4,590229,25157,615386,3,1,4,1,565072,Out > In
153,Feb 2020,214,1,175826,87125,262951,1,1,1,1,88701,Out > In
154,Feb 2020,12,2,9072,207369,216441,1,1,2,1,198297,In > Out
155,Feb 2020,178,1,76831,51423,128254,1,1,1,1,25408,Out > In
1,Apr 2020,213,62197,860628214235,1533995317637,2394623531872,40606,254,30226,17623,673367103402,In > Out
2,Apr 2020,96,2562755,1671055023961,107492711120,1778547735081,178719,48,64558,5,1563562312841,Out > In
3,Apr 2020,160,15978,496214428719,1011428971800,1507643400519,6240,59,3757,8521,515214543081,In > Out
4,Apr 2020,142,1128964,1228700299976,24809633391,1253509933367,5549,55,63390,30675,1203890666585,Out > In
5,Apr 2020,210,7793,839678124081,243688756866,1083366880947,2649,2,6280,1,595989367215,Out > In
6,Apr 2020,208,430521,780748837888,21292568494,802041406382,62182,39,57549,4,759456269394,Out > In
7,Apr 2020,2,127216,485939207770,54606178521,540545386291,17605,27,45422,636,431333029249,Out > In
8,Apr 2020,235,914716,479364122085,15527264922,494891387007,13504,2,53004,2,463836857163,Out > In
9,Apr 2020,122,5115,11418134894,426204787573,437622922467,123,10,4883,19,414786652679,In > Out
10,Apr 2020,169,553,156744573443,248578354855,405322928298,126,7,433,47,91833781412,In > Out
11,Apr 2020,38,684846,302083286485,101670223043,403753509528,41265,20,54226,2,200413063442,Out > In
12,Apr 2020,73,60238,305968627501,7169104732,313137732233,10055,26,24853,33,298799522769,Out > In
13,Apr 2020,59,23660,143374651808,128332547811,271707199619,2580,4,16674,498,15042103997,Out > In
14,Apr 2020,81,148744,221162280911,39962621776,261124902687,2680,1,21197,1,181199659135,Out > In
15,Apr 2020,155,295242,192694117679,5563047665,198257165344,7132,26,51249,121,187131070014,Out > In
16,Apr 2020,200,67939,181950924967,3731174829,185682099796,16135,34,32534,3,178219750138,Out > In
17,Apr 2020,79,171,203858194,176140188910,176344047104,70,5,142,13,175936330716,In > Out
18,Apr 2020,131,3445,117894931126,19772309809,137667240935,1987,55,2228,253,98122621317,Out > In
19,Apr 2020,101,22409,100061675136,32205001624,132266676760,4165,9,7581,42,67856673512,Out > In
20,Apr 2020,127,2127,114113719468,16382818432,130496537900,1287,74,1094,408,97730901036,Out > In
21,Apr 2020,37,13141,103424582857,2587694872,106012277729,3674,1,10084,1,100836887985,Out > In
22,Apr 2020,133,1881,79334931796,21853547499,101188479295,1452,55,1384,257,57481384297,Out > In
23,Apr 2020,46,520,6069843973,91410173324,97480017297,399,8,453,106,85340329351,In > Out
24,Apr 2020,168,35877,88872273274,3943526810,92815800084,6345,10,16962,23,84928746464,Out > In
25,Apr 2020,215,32627,88871965837,3930082820,92802048657,6303,3,15187,8,84941883017,Out > In
26,Apr 2020,179,32267,87912178003,3482433068,91394611071,6233,3,15294,4,84429744935,Out > In
27,Apr 2020,60,95873,81539386860,7049053620,88588440480,13835,36,27864,4,74490333240,Out > In
28,Apr 2020,212,26453,80846054945,5548720499,86394775444,3571,7,15942,3,75297334446,Out > In
29,Apr 2020,52,18414,72422902327,8868358124,81291260451,2240,33,10984,25,63554544203,Out > In
30,Apr 2020,256,3696,25629130412,54925383868,80554514280,1776,13,2489,1399,29296253456,In > Out
31,Apr 2020,90,14316,74204893258,5223937722,79428830980,941,8,8165,67,68980955536,Out > In
32,Apr 2020,19,163321,62385357391,13787760089,76173117480,22437,27,33636,5,48597597302,Out > In
33,Apr 2020,150,14306,62769968529,3382556013,66152524542,2858,5,9855,12,59387412516,Out > In
34,Apr 2020,190,107269,53178020017,10364090934,63542110951,21490,19,42458,9,42813929083,Out > In
35,Apr 2020,35,60340,46823152179,12258784300,59081936479,5286,22,28997,7,34564367879,Out > In
36,Apr 2020,91,9622,50781565972,1116718998,51898284970,1813,6,8615,10,49664846974,Out > In
37,Apr 2020,143,205,5062475955,46386271906,51448747861,120,6,57,197,41323795951,In > Out
38,Apr 2020,165,3881,28534945997,18384279658,46919225655,789,6,3073,11,10150666339,Out > In
39,Apr 2020,229,858,8846291250,37571012327,46417303577,740,56,746,317,28724721077,In > Out
40,Apr 2020,128,363,19563085173,26788965737,46352050910,282,57,207,174,7225880564,In > Out
41,Apr 2020,85,3401,31870692315,13494313711,45365006026,354,17,81,68,18376378604,Out > In
42,Apr 2020,195,1612,34205349969,10547429074,44752779043,429,59,673,232,23657920895,Out > In
43,Apr 2020,98,2603,20773059860,18579388169,39352448029,2088,54,2066,423,2193671691,Out > In
44,Apr 2020,134,2125,6739300336,29415537833,36154838169,1901,49,1873,452,22676237497,In > Out
45,Apr 2020,123,1845,11161397302,23800150713,34961548015,1107,52,1662,328,12638753411,In > Out
46,Apr 2020,171,645,11431488853,22652947396,34084436249,517,63,529,350,11221458543,In > Out
47,Apr 2020,70,285,15077622523,18593915660,33671538183,219,59,218,164,3516293137,In > Out
48,Apr 2020,209,810,30243177354,167474165,30410651519,8,7,800,8,30075703189,Out > In
49,Apr 2020,124,521,7707204401,22652108767,30359313168,310,57,310,236,14944904366,In > Out
50,Apr 2020,112,568,13360291054,14711325007,28071616061,380,50,333,205,1351033953,In > Out
51,Apr 2020,149,4397,26510168982,1464849483,27975018465,534,5,3624,4,25045319499,Out > In
52,Apr 2020,132,1013,10875757645,14706973425,25582731070,423,54,761,399,3831215780,In > Out
53,Apr 2020,161,700,8243751116,16103005505,24346756621,588,61,583,323,7859254389,In > Out
54,Apr 2020,197,703,20830026755,2672990233,23503016988,406,48,383,163,18157036522,Out > In
55,Apr 2020,5,1966,16181192407,6200991349,22382183756,269,8,1858,2,9980201058,Out > In
56,Apr 2020,228,1383,9303283468,11483000235,20786283703,1073,50,1183,271,2179716767,In > Out
57,Apr 2020,49,652,8380292599,9251566539,17631859138,67,14,56,441,871273940,In > Out
58,Apr 2020,94,4454,10239750339,6379171429,16618921768,629,3,3301,590,3860578910,Out > In
59,Apr 2020,99,4314,10321435460,5833872779,16155308239,516,12,3102,54,4487562681,Out > In
60,Apr 2020,221,10269,12452373343,1614257253,14066630596,1390,9,7028,13,10838116090,Out > In
61,Apr 2020,117,1299,13367578368,663338066,14030916434,615,9,500,214,12704240302,Out > In
62,Apr 2020,92,5636,13174756774,366557734,13541314508,465,4,248,27,12808199040,Out > In
63,Apr 2020,55,6001,12891747217,160725585,13052472802,1219,6,5453,2,12731021632,Out > In
64,Apr 2020,86,33471,12022493334,381849294,12404342628,11814,2,19613,2,11640644040,Out > In
65,Apr 2020,74,14409,6953547570,3861293628,10814841198,609,17,3088,30,3092253942,Out > In
66,Apr 2020,45,271,3873071589,6094102101,9967173690,230,1,211,39,2221030512,In > Out
67,Apr 2020,7,2946,6597244457,3330885676,9928130133,572,21,2569,61,3266358781,Out > In
68,Apr 2020,82,3859,8748691695,727622919,9476314614,222,7,2580,8,8021068776,Out > In
69,Apr 2020,44,13,30608268,6954150505,6984758773,6,1,6,6,6923542237,In > Out
70,Apr 2020,51,810,5551649183,1321264776,6872913959,271,9,799,52,4230384407,Out > In
71,Apr 2020,57,6293,6294802125,207468425,6502270550,366,6,4823,14,6087333700,Out > In
72,Apr 2020,181,7583,3620444707,2821331305,6441776012,285,10,4145,41,799113402,Out > In
73,Apr 2020,225,5391,5454233413,524895670,5979129083,293,8,2946,25,4929337743,Out > In
74,Apr 2020,102,449,4442708959,1457988204,5900697163,90,1,446,1,2984720755,Out > In
75,Apr 2020,191,24,4546754349,721772546,5268526895,4,3,24,13,3824981803,Out > In
76,Apr 2020,234,733,3708013995,507723936,4215737931,370,13,324,50,3200290059,Out > In
77,Apr 2020,207,3027,3308498681,442982405,3751481086,224,1,2844,2,2865516276,Out > In
78,Apr 2020,129,7104,2214397279,853903754,3068301033,837,17,3990,13,1360493525,Out > In
79,Apr 2020,4,104,2405296067,253071719,2658367786,32,6,93,33,2152224348,Out > In
80,Apr 2020,166,5,1017963315,1421922526,2439885841,4,2,2,5,403959211,In > Out
81,Apr 2020,16,58,1859253644,52271515,1911525159,17,4,38,40,1806982129,Out > In
82,Apr 2020,119,475,1618810898,236021028,1854831926,62,9,359,13,1382789870,Out > In
83,Apr 2020,130,10,1227262472,489476358,1716738830,5,3,8,10,737786114,Out > In
84,Apr 2020,118,936,454894333,1189341917,1644236250,435,14,373,35,734447584,In > Out
85,Apr 2020,104,27,1385366193,159822308,1545188501,9,7,26,19,1225543885,Out > In
86,Apr 2020,164,3175,1099573626,414716472,1514290098,71,4,2088,3,684857154,Out > In
87,Apr 2020,183,1193,764009901,630288769,1394298670,124,6,1176,8,133721132,Out > In
88,Apr 2020,125,14,1361730973,24428311,1386159284,2,2,14,2,1337302662,Out > In
89,Apr 2020,154,2371,847367989,336869923,1184237912,26,2,2135,3,510498066,Out > In
90,Apr 2020,184,645,545452359,617775910,1163228269,121,7,520,147,72323551,In > Out
91,Apr 2020,89,6,103371328,869937281,973308609,4,3,3,6,766565953,In > Out
92,Apr 2020,236,6,239668502,715454517,955123019,3,1,3,6,475786015,In > Out
93,Apr 2020,198,780,366688835,467236347,833925182,239,1,337,6,100547512,In > Out
94,Apr 2020,180,405,343146685,437510855,780657540,177,4,380,9,94364170,In > Out
95,Apr 2020,206,1257,522487537,204745307,727232844,415,3,648,3,317742230,Out > In
96,Apr 2020,204,28,219656074,430006217,649662291,25,2,27,5,210350143,In > Out
97,Apr 2020,84,7,437237573,24285191,461522764,4,1,7,6,412952382,Out > In
98,Apr 2020,100,84,444767591,8877771,453645362,68,5,77,13,435889820,Out > In
99,Apr 2020,170,634,87542881,328234891,415777772,14,4,626,6,240692010,In > Out
100,Apr 2020,167,6,37113948,340402273,377516221,4,3,3,6,303288325,In > Out
101,Apr 2020,241,3,19170648,334957633,354128281,2,3,3,1,315786985,In > Out
102,Apr 2020,111,121,208508492,125879367,334387859,45,1,89,14,82629125,Out > In
103,Apr 2020,178,3,1720823,329119526,330840349,2,2,2,3,327398703,In > Out
104,Apr 2020,120,608,180609581,133839059,314448640,10,1,599,2,46770522,Out > In
105,Apr 2020,146,4,2835254,295849682,298684936,4,3,2,4,293014428,In > Out
106,Apr 2020,175,13,220488169,27933920,248422089,1,1,13,1,192554249,Out > In
107,Apr 2020,114,4,182678623,3721315,186399938,3,1,4,1,178957308,Out > In
108,Apr 2020,14,44,178774974,7074766,185849740,3,2,44,2,171700208,Out > In
109,Apr 2020,230,198,176805269,4599540,181404809,12,1,197,1,172205729,Out > In
110,Apr 2020,50,6,111499261,60542999,172042260,3,1,6,1,50956262,Out > In
111,Apr 2020,29,164,127867442,39396943,167264385,26,1,78,13,88470499,Out > In
112,Apr 2020,156,21,3348223,130455892,133804115,8,1,3,21,127107669,In > Out
113,Apr 2020,53,45,9271202,122847009,132118211,8,3,45,5,113575807,In > Out
114,Apr 2020,9,13,15177999,102434917,117612916,7,3,5,13,87256918,In > Out
115,Apr 2020,54,76,101124623,1316082,102440705,27,1,76,2,99808541,Out > In
116,Apr 2020,250,63,46928124,40633678,87561802,39,4,62,5,6294446,Out > In
117,Apr 2020,103,109,46764842,40612677,87377519,50,3,90,2,6152165,Out > In
118,Apr 2020,48,72,32580564,28579646,61160210,15,1,11,2,4000918,Out > In
119,Apr 2020,77,306,34887721,23544240,58431961,7,3,15,3,11343481,Out > In
120,Apr 2020,72,308,43546593,14159312,57705905,70,25,306,2,29387281,Out > In
121,Apr 2020,151,182,33904728,19000018,52904746,23,1,16,1,14904710,Out > In
122,Apr 2020,242,81,31634629,6297249,37931878,15,13,81,4,25337380,Out > In
123,Apr 2020,25,38,33991864,1238954,35230818,21,1,38,1,32752910,Out > In
124,Apr 2020,43,30,28365488,2334273,30699761,3,1,30,1,26031215,Out > In
125,Apr 2020,83,9,4708383,15479171,20187554,4,4,9,8,10770788,In > Out
126,Apr 2020,192,12,889787,18706879,19596666,3,3,9,5,17817092,In > Out
127,Apr 2020,174,7,4333448,12638216,16971664,2,1,1,2,8304768,In > Out
128,Apr 2020,115,5,14073148,2360727,16433875,2,1,5,5,11712421,Out > In
129,Apr 2020,13,5,14305130,764047,15069177,1,1,5,1,13541083,Out > In
130,Apr 2020,21,1,12812500,248162,13060662,1,1,1,1,12564338,Out > In
131,Apr 2020,126,16,9630487,1836065,11466552,4,3,16,2,7794422,Out > In
132,Apr 2020,177,11,9709944,257171,9967115,2,1,11,1,9452773,Out > In
133,Apr 2020,196,58,5313136,2176934,7490070,35,32,57,2,3136202,Out > In
134,Apr 2020,109,16,5716589,280155,5996744,10,1,16,2,5436434,Out > In
135,Apr 2020,202,27,3737179,346998,4084177,22,4,27,2,3390181,Out > In
136,Apr 2020,203,1,114646,3576413,3691059,1,1,1,1,3461767,In > Out
137,Apr 2020,144,10,2586406,134312,2720718,4,1,10,1,2452094,Out > In
138,Apr 2020,26,11,340581,1381619,1722200,1,1,11,1,1041038,In > Out
139,Apr 2020,1,11,778422,777044,1555466,4,1,9,1,1378,Out > In
140,Apr 2020,222,5,1092679,193635,1286314,2,2,5,2,899044,Out > In
141,Apr 2020,159,1,361902,677680,1039582,1,1,1,1,315778,In > Out
142,Apr 2020,176,4,530394,281831,812225,2,1,4,1,248563,Out > In
143,Apr 2020,80,3,194164,218688,412852,1,1,3,3,24524,In > Out
144,Apr 2020,56,2,159744,84093,243837,2,2,2,2,75651,Out > In
1,Sept 2020,210,8860,4585654176379,1507710940415,6093365116794,3000,2,7107,1,3077943235964,Out > In
2,Sept 2020,96,3889098,2934118635128,229226669661,3163345304789,240982,66,64607,7,2704891965467,Out > In
3,Sept 2020,213,24444,1232771505772,1855760083639,3088531589411,14107,254,10889,11913,622988577867,In > Out
4,Sept 2020,160,13464,789094685405,1282168931514,2071263616919,6721,60,4145,7591,493074246109,In > Out
5,Sept 2020,142,1108535,1898464168263,136187968383,2034652136646,5177,50,60789,27608,1762276199880,Out > In
6,Sept 2020,208,602256,1314004683290,26928495247,1340933178537,97522,36,62485,5,1287076188043,Out > In
7,Sept 2020,73,45729,1273323939112,45704757456,1319028696568,16448,45,22685,101,1227619181656,Out > In
8,Sept 2020,122,8355,529532505983,597428844808,1126961350791,2139,8,6264,281,67896338825,In > Out
9,Sept 2020,2,175426,692544044945,35711130527,728255175472,17995,26,49773,139,656832914418,Out > In
10,Sept 2020,235,957500,499806794862,15602164779,515408959641,17202,2,56670,2,484204630083,Out > In
11,Sept 2020,38,723186,318065513752,108264501052,426330014804,44042,30,57124,2,209801012700,Out > In
12,Sept 2020,60,293846,356187593201,17587804328,373775397529,37448,53,56404,4,338599788873,Out > In
13,Sept 2020,155,650242,353775910159,12416868924,366192779083,10295,23,52782,83,341359041235,Out > In
14,Sept 2020,221,15716,284585629129,14990466343,299576095472,2884,10,8420,23,269595162786,Out > In
15,Sept 2020,85,32638,124274311210,138997131604,263271442814,2639,16,279,58,14722820394,In > Out
16,Sept 2020,81,164978,202427894984,46664710733,249092605717,2742,1,21843,1,155763184251,Out > In
17,Sept 2020,52,34253,176112315529,10828480136,186940795665,1161,11,20668,16,165283835393,Out > In
18,Sept 2020,168,17309,176358108408,9482083127,185840191535,8542,11,7787,16,166876025281,Out > In
19,Sept 2020,59,39493,113448590864,69658764292,183107355156,2302,4,23334,143,43789826572,Out > In
20,Sept 2020,179,13585,141323102877,6592380915,147915483792,7916,3,4875,3,134730721962,Out > In
21,Sept 2020,215,13673,138209171876,6950182945,145159354821,7998,8,4859,15,131258988931,Out > In
22,Sept 2020,181,7843,130165055512,10383644910,140548700422,1917,16,4972,40,119781410602,Out > In
23,Sept 2020,37,21176,124443991783,3572259566,128016251349,4590,2,15006,1,120871732217,Out > In
24,Sept 2020,5,2835,113521521686,12668838832,126190360518,336,9,2685,8,100852682854,Out > In
25,Sept 2020,90,4787,117326392468,7213062679,124539455147,1601,9,3110,29,110113329789,Out > In
26,Sept 2020,79,502,1794767855,113340758216,115135526071,70,7,494,11,111545990361,In > Out
27,Sept 2020,256,3484,41083597669,67972030387,109055628056,1944,13,2159,911,26888432718,In > Out
28,Sept 2020,131,1888,43964226816,53674777798,97639004614,1091,63,1144,258,9710550982,In > Out
29,Sept 2020,123,3290,55684788230,34858341896,90543130126,1780,57,2995,99,20826446334,Out > In
30,Sept 2020,19,148806,73834825928,16483802870,90318628798,27920,33,33490,7,57351023058,Out > In
31,Sept 2020,128,291,39956154483,49838696687,89794851170,221,63,160,158,9882542204,In > Out
32,Sept 2020,35,50247,75629903394,13716109496,89346012890,3754,19,27534,3,61913793898,Out > In
33,Sept 2020,57,9727,84202788632,2430769248,86633557880,2065,9,5373,8,81772019384,Out > In
34,Sept 2020,91,8176,82277079655,3944281552,86221361207,1668,11,7442,39,78332798103,Out > In
35,Sept 2020,51,3152,56154809473,24817493347,80972302820,140,8,3011,63,31337316126,Out > In
36,Sept 2020,112,1612,47389000198,30233419809,77622420007,764,61,1482,151,17155580389,Out > In
37,Sept 2020,94,2889,61055927125,14901421869,75957348994,597,5,2355,244,46154505256,Out > In
38,Sept 2020,171,342,37894171306,37294908254,75189079560,271,71,216,202,599263052,Out > In
39,Sept 2020,127,2514,32189909694,37388423432,69578333126,364,64,2264,149,5198513738,In > Out
40,Sept 2020,70,218,32432962719,34578976940,67011939659,151,68,89,166,2146014221,In > Out
41,Sept 2020,101,608,44181978932,17039776665,61221755597,381,8,589,10,27142202267,Out > In
42,Sept 2020,133,892,23671204823,27713507496,51384712319,625,63,612,176,4042302673,In > Out
43,Sept 2020,169,807,40873889580,10313348575,51187238155,395,10,800,8,30560541005,Out > In
44,Sept 2020,124,244,22803722892,28221461641,51025184533,176,76,129,136,5417738749,In > Out
45,Sept 2020,98,223,21486520186,29354862325,50841382511,155,61,105,142,7868342139,In > Out
46,Sept 2020,132,1812,22972443084,27833413080,50805856164,425,73,536,125,4860969996,In > Out
47,Sept 2020,190,55752,45470781592,2608511372,48079292964,11756,12,32216,5,42862270220,Out > In
48,Sept 2020,229,690,22942886918,20725096095,43667983013,512,59,492,144,2217790823,Out > In
49,Sept 2020,86,32079,41214976633,610450338,41825426971,11328,2,20479,2,40604526295,Out > In
50,Sept 2020,161,619,15143122120,25173015485,40316137605,510,72,471,165,10029893365,In > Out
51,Sept 2020,209,1570,38706222978,963982047,39670205025,17,6,1495,4,37742240931,Out > In
52,Sept 2020,103,1286,36684628423,2502365269,39186993692,273,1,1005,4,34182263154,Out > In
53,Sept 2020,195,923,16900782981,20163822201,37064605182,344,75,447,134,3263039220,In > Out
54,Sept 2020,92,31748,34219934689,740081253,34960015942,2373,2,212,2,33479853436,Out > In
55,Sept 2020,134,254,14527863388,18300314648,32828178036,154,58,132,121,3772451260,In > Out
56,Sept 2020,55,11148,31473002322,548451588,32021453910,1474,3,8943,2,30924550734,Out > In
57,Sept 2020,228,532,12181576098,19733700109,31915276207,453,60,408,172,7552124011,In > Out
58,Sept 2020,49,375,16333852365,14581996717,30915849082,107,17,99,343,1751855648,Out > In
59,Sept 2020,120,165,18377904694,11858995001,30236899695,14,1,165,3,6518909693,Out > In
60,Sept 2020,212,6121,23847280225,415630999,24262911224,2003,8,5622,3,23431649226,Out > In
61,Sept 2020,117,5154,20379390894,990456984,21369847878,511,8,4506,175,19388933910,Out > In
62,Sept 2020,7,5717,14902603029,6213562835,21116165864,585,13,4961,123,8689040194,Out > In
63,Sept 2020,200,11442,19571530581,447490253,20019020834,1733,19,9771,4,19124040328,Out > In
64,Sept 2020,165,5414,15691003452,4101137794,19792141246,765,9,4852,21,11589865658,Out > In
65,Sept 2020,46,289,3530395443,12125517817,15655913260,199,42,102,222,8595122374,In > Out
66,Sept 2020,197,72,7957803475,7517903798,15475707273,53,41,36,57,439899677,Out > In
67,Sept 2020,119,2436,12670199993,2402206859,15072406852,168,11,2294,10,10267993134,Out > In
68,Sept 2020,74,4228,10272657176,4776502717,15049159893,881,15,2043,23,5496154459,Out > In
69,Sept 2020,44,34,1808296039,13019843558,14828139597,27,2,19,34,11211547519,In > Out
70,Sept 2020,29,169,2836655481,11629839814,14466495295,53,4,86,26,8793184333,In > Out
71,Sept 2020,104,153,9653172170,4747253318,14400425488,35,11,132,53,4905918852,Out > In
72,Sept 2020,234,72,5041762327,6491056828,11532819155,45,12,36,46,1449294501,In > Out
73,Sept 2020,16,126,10067800339,701531456,10769331795,25,6,47,59,9366268883,Out > In
74,Sept 2020,143,36,3288417111,6737950535,10026367646,27,6,24,34,3449533424,In > Out
75,Sept 2020,184,1854,8947170765,677567092,9624737857,409,11,1635,182,8269603673,Out > In
76,Sept 2020,48,135,3961552723,5630297274,9591849997,122,4,119,45,1668744551,In > Out
77,Sept 2020,118,383,4482003978,3535826769,8017830747,147,17,198,67,946177209,Out > In
78,Sept 2020,239,19,3850617216,3319827890,7170445106,7,4,19,11,530789326,Out > In
79,Sept 2020,207,1991,4600880484,928419401,5529299885,850,2,1498,2,3672461083,Out > In
80,Sept 2020,82,172,2778738091,2712903547,5491641638,30,10,137,36,65834544,Out > In
81,Sept 2020,65,17,2092858933,2126726097,4219585030,11,3,12,13,33867164,In > Out
82,Sept 2020,4,155,3570005398,256424141,3826429539,50,6,151,12,3313581257,Out > In
83,Sept 2020,154,6,1658964296,2038677068,3697641364,5,4,6,3,379712772,In > Out
84,Sept 2020,198,1319,2828210698,679395580,3507606278,261,1,487,16,2148815118,Out > In
85,Sept 2020,83,83,1383150215,1942519706,3325669921,38,9,63,27,559369491,In > Out
86,Sept 2020,174,4,118119226,2790869281,2908988507,4,2,2,4,2672750055,In > Out
87,Sept 2020,129,2445,874807444,1783166243,2657973687,698,15,2001,12,908358799,In > Out
88,Sept 2020,170,52,2046706520,387862161,2434568681,18,11,36,49,1658844359,Out > In
89,Sept 2020,156,333,650093236,1716036179,2366129415,178,3,100,92,1065942943,In > Out
90,Sept 2020,99,275,1786314820,416831991,2203146811,54,8,268,17,1369482829,Out > In
91,Sept 2020,77,1018,1397750098,780465504,2178215602,45,4,70,17,617284594,Out > In
92,Sept 2020,80,11,1992399389,113873622,2106273011,1,1,11,11,1878525767,Out > In
93,Sept 2020,225,744,1408629219,688478969,2097108188,414,7,653,81,720150250,Out > In
94,Sept 2020,164,879,1791646952,290736069,2082383021,151,4,767,7,1500910883,Out > In
95,Sept 2020,149,958,1587214007,421485263,2008699270,534,5,501,7,1165728744,Out > In
96,Sept 2020,183,1344,1308688316,546951224,1855639540,171,4,1312,7,761737092,Out > In
97,Sept 2020,89,11,353335167,1491134262,1844469429,9,5,5,10,1137799095,In > Out
98,Sept 2020,224,5,364659620,1200847580,1565507200,3,2,4,5,836187960,In > Out
99,Sept 2020,102,68,1088541284,220725926,1309267210,44,1,68,1,867815358,Out > In
100,Sept 2020,166,6,567730507,605595912,1173326419,4,1,3,6,37865405,In > Out
101,Sept 2020,180,719,435960640,621975503,1057936143,469,3,380,8,186014863,In > Out
102,Sept 2020,130,7,136306852,898725511,1035032363,7,4,4,7,762418659,In > Out
103,Sept 2020,242,61,630124772,359493957,989618729,24,8,61,2,270630815,Out > In
104,Sept 2020,206,1231,722644814,253389216,976034030,373,5,331,5,469255598,Out > In
105,Sept 2020,58,1,137449737,631546383,768996120,1,1,1,1,494096646,In > Out
106,Sept 2020,159,7,451719442,162236296,613955738,7,1,4,6,289483146,Out > In
107,Sept 2020,150,3,223260812,192178601,415439413,3,2,2,3,31082211,Out > In
108,Sept 2020,111,218,235505039,107048977,342554016,55,1,167,20,128456062,Out > In
109,Sept 2020,141,4,57220268,240611699,297831967,2,1,1,4,183391431,In > Out
110,Sept 2020,250,90,97701156,137769524,235470680,40,3,6,88,40068368,In > Out
111,Sept 2020,100,370,114165507,48163152,162328659,344,3,320,6,66002355,Out > In
112,Sept 2020,220,19,156333952,1008572,157342524,8,1,19,1,155325380,Out > In
113,Sept 2020,192,8,6020584,146932822,152953406,3,2,8,1,140912238,In > Out
114,Sept 2020,175,1,134831127,10800283,145631410,1,1,1,1,124030844,Out > In
115,Sept 2020,72,532,133211718,10479169,143690887,162,39,432,2,122732549,Out > In
116,Sept 2020,167,4,22482032,99285805,121767837,4,3,4,3,76803773,In > Out
117,Sept 2020,84,2,2596171,93644791,96240962,2,1,2,2,91048620,In > Out
118,Sept 2020,50,10,72325567,22514780,94840347,6,1,10,1,49810787,Out > In
119,Sept 2020,126,182,66261722,2639866,68901588,1,1,181,1,63621856,Out > In
120,Sept 2020,14,21,32424335,4918774,37343109,4,2,21,3,27505561,Out > In
121,Sept 2020,191,4,32331664,831708,33163372,3,2,4,1,31499956,Out > In
122,Sept 2020,75,66,13003490,4079340,17082830,57,1,66,1,8924150,Out > In
123,Sept 2020,203,1,7292787,7250074,14542861,1,1,1,1,42713,Out > In
124,Sept 2020,146,13,6028125,8377615,14405740,12,2,2,13,2349490,In > Out
125,Sept 2020,177,11,11047717,287896,11335613,2,1,11,1,10759821,Out > In
126,Sept 2020,43,7,6453304,2563920,9017224,5,1,7,3,3889384,Out > In
127,Sept 2020,28,11,8295848,62595,8358443,2,1,11,1,8233253,Out > In
128,Sept 2020,196,55,5880041,604924,6484965,25,27,55,2,5275117,Out > In
129,Sept 2020,202,42,4862336,1251996,6114332,23,7,41,2,3610340,Out > In
130,Sept 2020,9,1,2905813,2755106,5660919,1,1,1,1,150707,Out > In
131,Sept 2020,54,1,1993031,2335278,4328309,1,1,1,1,342247,In > Out
132,Sept 2020,144,19,3441862,249008,3690870,9,1,19,2,3192854,Out > In
133,Sept 2020,222,7,3124823,500108,3624931,1,1,7,1,2624715,Out > In
134,Sept 2020,230,12,2910062,122163,3032225,4,1,12,1,2787899,Out > In
135,Sept 2020,1,22,1310940,1304462,2615402,1,1,5,1,6478,Out > In
136,Sept 2020,26,6,779454,215676,995130,2,1,6,2,563778,Out > In
137,Sept 2020,178,4,107201,667464,774665,1,1,1,1,560263,In > Out
138,Sept 2020,115,1,26792,551149,577941,1,1,1,1,524357,In > Out
139,Sept 2020,21,2,59473,484379,543852,2,2,2,2,424906,In > Out
140,Sept 2020,236,2,271864,261544,533408,1,1,2,2,10320,Out > In
141,Sept 2020,110,1,18220,243180,261400,1,1,1,1,224960,In > Out
142,Sept 2020,125,1,132694,71691,204385,1,1,1,1,61003,Out > In
143,Sept 2020,176,1,2378,132487,134865,1,1,1,1,130109,In > Out
144,Sept 2020,151,1,74184,41884,116068,1,1,1,1,32300,Out > In
145,Sept 2020,53,1,68555,41282,109837,1,1,1,1,27273,Out > In
1,Sept 2021,213,120254,4695317485982,7100314006301,11795631492283,47143,253,31856,23125,2404996520319,In > Out
2,Sept 2021,210,6177,2419939580504,867974584721,3287914165225,2321,2,5211,1,1551964995783,Out > In
3,Sept 2021,96,3274787,2188401641127,145767588614,2334169229741,286800,48,64712,5,2042634052513,Out > In
4,Sept 2021,160,9978,323705315479,662309598961,986014914440,3485,62,1876,4992,338604283482,In > Out
5,Sept 2021,208,523478,786992579414,13115457355,800108036769,83262,32,61209,3,773877122059,Out > In
6,Sept 2021,28,203104,691166382925,52471532855,743637915780,4020,45,36321,14282,638694850070,Out > In
7,Sept 2021,2,128316,316922739393,171337383220,488260122613,14552,29,43895,64,145585356173,Out > In
8,Sept 2021,256,8413,87709489036,286917378351,374626867387,3625,12,3207,5252,199207889315,In > Out
9,Sept 2021,52,26707,363991473610,6183587058,370175060668,1214,12,16687,1087,357807886552,Out > In
10,Sept 2021,60,263634,336418474573,20984263397,357402737970,40977,51,51958,2,315434211176,Out > In
11,Sept 2021,155,706304,341460590499,11319031483,352779621982,9952,24,50163,369,330141559016,Out > In
12,Sept 2021,38,542056,228250969496,70082399222,298333368718,42409,15,54108,2,158168570274,Out > In
13,Sept 2021,168,17770,231652691020,53804416795,285457107815,2442,8,9527,19,177848274225,Out > In
14,Sept 2021,49,926,31600385664,240584577443,272184963107,286,15,215,767,208984191779,In > Out
15,Sept 2021,235,514732,245428881757,7377833604,252806715361,13509,2,43639,2,238051048153,Out > In
16,Sept 2021,179,16038,188677427780,20154032570,208831460350,2335,3,7969,5,168523395210,Out > In
17,Sept 2021,79,321,115136079385,21367969615,136504049000,139,9,314,38,93768109770,Out > In
18,Sept 2021,171,1739,66335329042,63158232227,129493561269,1344,73,1575,162,3177096815,Out > In
19,Sept 2021,117,3964,51753810158,73403428417,125157238575,907,10,2212,1511,21649618259,In > Out
20,Sept 2021,81,80369,83952819579,27956038415,111908857994,2914,3,18849,123,55996781164,Out > In
21,Sept 2021,37,21635,93422596725,2023247991,95445844716,5231,2,15580,1,91399348734,Out > In
22,Sept 2021,131,1054,42429742328,50317261980,92747004308,539,86,568,282,7887519652,In > Out
23,Sept 2021,195,278,40913649088,51160500252,92074149340,217,89,131,195,10246851164,In > Out
24,Sept 2021,228,334,42140899343,49106131170,91247030513,199,67,153,238,6965231827,In > Out
25,Sept 2021,128,618,37517838723,46975971598,84493810321,402,79,368,315,9458132875,In > Out
26,Sept 2021,215,4026,76079541627,6624788521,82704330148,1760,4,2225,13,69454753106,Out > In
27,Sept 2021,112,304,36439005091,41518189767,77957194858,195,79,146,217,5079184676,In > Out
28,Sept 2021,35,5232,20988714621,52159696573,73148411194,756,12,4574,2,31170981952,In > Out
29,Sept 2021,123,322,29758968054,41194078787,70953046841,240,91,169,265,11435110733,In > Out
30,Sept 2021,120,731,4925863485,64989242802,69915106287,14,3,706,8,60063379317,In > Out
31,Sept 2021,127,424,29990288284,37209930670,67200218954,265,102,218,343,7219642386,In > Out
32,Sept 2021,70,320,35200299837,31015497562,66215797399,160,66,135,259,4184802275,Out > In
33,Sept 2021,229,309,28340815117,32397470330,60738285447,197,73,140,246,4056655213,In > Out
34,Sept 2021,98,346,26083962240,32255904816,58339867056,189,87,165,254,6171942576,In > Out
35,Sept 2021,124,708,24455925108,31266139734,55722064842,435,97,396,414,6810214626,In > Out
36,Sept 2021,132,1061,25933783314,26542035290,52475818604,791,86,820,295,608251976,In > Out
37,Sept 2021,197,146,20342522041,29429983649,49772505690,104,60,71,95,9087461608,In > Out
38,Sept 2021,55,1757,47058310501,399166875,47457477376,543,3,1706,3,46659143626,Out > In
39,Sept 2021,5,1072,44283587694,1860384052,46143971746,283,9,1049,10,42423203642,Out > In
40,Sept 2021,134,270,18060280429,27206393188,45266673617,157,70,121,217,9146112759,In > Out
41,Sept 2021,19,100063,39101830425,6143354569,45245184994,29685,14,35149,5,32958475856,Out > In
42,Sept 2021,161,367,19120271062,22454862072,41575133134,171,85,136,313,3334591010,In > Out
43,Sept 2021,190,41735,34681638179,6487696477,41169334656,10908,9,24160,6,28193941702,Out > In
44,Sept 2021,133,542,16929614637,22813540599,39743155236,318,79,265,422,5883925962,In > Out
45,Sept 2021,85,210,16796558249,13164792304,29961350553,85,22,34,76,3631765945,Out > In
46,Sept 2021,72,36930,27877565509,673850402,28551415911,12839,20,21790,2,27203715107,Out > In
47,Sept 2021,46,195,6472541647,17579916258,24052457905,112,26,62,159,11107374611,In > Out
48,Sept 2021,221,1797,12521648406,8384176784,20905825190,556,10,1245,28,4137471622,Out > In
49,Sept 2021,170,15753,8809516473,10930699945,19740216418,276,9,10990,24,2121183472,In > Out
50,Sept 2021,51,1058,17129242041,2125224007,19254466048,111,15,1010,91,15004018034,Out > In
51,Sept 2021,212,4262,18808516822,167348012,18975864834,1519,1,3986,1,18641168810,Out > In
52,Sept 2021,73,3265,11175197866,6771053332,17946251198,676,40,2486,90,4404144534,Out > In
53,Sept 2021,126,3,16157380456,288166972,16445547428,1,1,3,1,15869213484,Out > In
54,Sept 2021,242,210,11917924220,2861545156,14779469376,29,7,206,26,9056379064,Out > In
55,Sept 2021,184,14274,11593089202,2074879735,13667968937,1690,11,8997,269,9518209467,Out > In
56,Sept 2021,122,2329,9317706192,3753276803,13070982995,181,14,2236,25,5564429389,Out > In
57,Sept 2021,165,1269,7347046761,5252227153,12599273914,98,8,1217,30,2094819608,Out > In
58,Sept 2021,118,133,8502199118,3072666797,11574865915,77,13,105,66,5429532321,Out > In
59,Sept 2021,119,1889,5276205501,5290085317,10566290818,67,7,1843,16,13879816,In > Out
60,Sept 2021,181,724,7078448874,3018693876,10097142750,369,19,353,41,4059754998,Out > In
61,Sept 2021,74,1522,4511189913,4406218996,8917408909,504,19,806,69,104970917,Out > In
62,Sept 2021,143,42,3999735827,4709358010,8709093837,20,4,15,39,709622183,In > Out
63,Sept 2021,7,4421,5959475755,2528265063,8487740818,307,6,3925,38,3431210692,Out > In
64,Sept 2021,4,132,7513732699,131161049,7644893748,29,4,130,21,7382571650,Out > In
65,Sept 2021,183,26274,7179992142,76878199,7256870341,146,2,2158,1,7103113943,Out > In
66,Sept 2021,48,310,3471796306,3705202744,7176999050,54,5,20,286,233406438,In > Out
67,Sept 2021,149,1572,1547284373,4997876360,6545160733,276,7,1292,11,3450591987,In > Out
68,Sept 2021,65,821,4136053305,2248482089,6384535394,478,5,356,10,1887571216,Out > In
69,Sept 2021,104,37,4876806485,872506928,5749313413,20,12,23,28,4004299557,Out > In
70,Sept 2021,91,71,4610022820,869200777,5479223597,28,6,54,53,3740822043,Out > In
71,Sept 2021,90,37,829939116,3997025089,4826964205,29,13,14,31,3167085973,In > Out
72,Sept 2021,234,49,1722323061,2724904946,4447228007,34,9,19,39,1002581885,In > Out
73,Sept 2021,200,2324,4125787659,76085212,4201872871,559,5,1385,2,4049702447,Out > In
74,Sept 2021,225,150,1003373987,3150398814,4153772801,94,5,141,13,2147024827,In > Out
75,Sept 2021,94,807,3052650601,650009156,3702659757,420,2,336,91,2402641445,Out > In
76,Sept 2021,236,25,1611336748,2068000993,3679337741,18,1,18,25,456664245,In > Out
77,Sept 2021,16,72,1126650908,2483400724,3610051632,43,6,18,69,1356749816,In > Out
78,Sept 2021,89,13,516654616,2922415241,3439069857,10,7,5,13,2405760625,In > Out
79,Sept 2021,101,384,3234894186,130719105,3365613291,263,5,365,14,3104175081,Out > In
80,Sept 2021,56,13,609814214,2735729595,3345543809,9,3,5,13,2125915381,In > Out
81,Sept 2021,154,29,1047549761,2262033900,3309583661,20,8,11,28,1214484139,In > Out
82,Sept 2021,207,802,2635167065,610507033,3245674098,452,1,314,2,2024660032,Out > In
83,Sept 2021,47,267,2443190525,554216130,2997406655,181,1,184,85,1888974395,Out > In
84,Sept 2021,130,23,626975290,1972596370,2599571660,14,9,9,23,1345621080,In > Out
85,Sept 2021,80,25,2411008666,78842876,2489851542,2,2,25,25,2332165790,Out > In
86,Sept 2021,150,9,1102263659,1249879091,2352142750,8,4,6,9,147615432,In > Out
87,Sept 2021,141,19,810426065,1529391212,2339817277,14,6,7,19,718965147,In > Out
88,Sept 2021,99,9,828718614,1461677429,2290396043,7,3,7,8,632958815,In > Out
89,Sept 2021,82,367,939705551,1186893118,2126598669,245,8,132,31,247187567,In > Out
90,Sept 2021,180,221,889757833,1189325652,2079083485,149,4,217,9,299567819,In > Out
91,Sept 2021,6,449,1088584077,838120372,1926704449,244,5,122,12,250463705,Out > In
92,Sept 2021,204,44,418405570,1452795007,1871200577,25,1,22,42,1034389437,In > Out
93,Sept 2021,198,26,799024792,1000067523,1799092315,19,1,10,26,201042731,In > Out
94,Sept 2021,14,20,1593685922,89505126,1683191048,6,3,20,4,1504180796,Out > In
95,Sept 2021,129,4225,1263779972,368762480,1632542452,974,12,3854,14,895017492,Out > In
96,Sept 2021,58,15,603411166,929070615,1532481781,15,2,6,15,325659449,In > Out
97,Sept 2021,57,1808,1411690902,52078304,1463769206,160,8,1654,9,1359612598,Out > In
98,Sept 2021,175,18,1253153908,199783165,1452937073,3,1,18,1,1053370743,Out > In
99,Sept 2021,125,35,871439683,457260165,1328699848,22,6,15,23,414179518,Out > In
100,Sept 2021,159,9,613416627,707221549,1320638176,9,3,5,9,93804922,In > Out
101,Sept 2021,83,75,561036596,720038912,1281075508,11,5,29,71,159002316,In > Out
102,Sept 2021,146,4,223764044,790824360,1014588404,3,2,4,4,567060316,In > Out
103,Sept 2021,77,2500,477280177,374129517,851409694,24,3,48,8,103150660,Out > In
104,Sept 2021,50,35,390958036,181317051,572275087,8,1,34,1,209640985,Out > In
105,Sept 2021,206,4,79073735,418706436,497780171,4,4,1,4,339632701,In > Out
106,Sept 2021,103,6,82701552,236525504,319227056,2,2,2,6,153823952,In > Out
107,Sept 2021,246,4,6141075,306792483,312933558,2,2,1,4,300651408,In > Out
108,Sept 2021,111,228,140212941,131198743,271411684,34,1,89,25,9014198,Out > In
109,Sept 2021,220,170,230947667,4980711,235928378,23,1,170,1,225966956,Out > In
110,Sept 2021,44,42,59660986,165875256,225536242,23,1,21,38,106214270,In > Out
111,Sept 2021,53,297,180304691,19969523,200274214,5,3,277,3,160335168,Out > In
112,Sept 2021,209,9,167983164,5189068,173172232,5,2,9,2,162794096,Out > In
113,Sept 2021,54,2,77272079,85765555,163037634,2,2,1,2,8493476,In > Out
114,Sept 2021,174,3,33779276,88319368,122098644,3,1,1,3,54540092,In > Out
115,Sept 2021,169,37,54278349,28820342,83098691,17,4,37,5,25458007,Out > In
116,Sept 2021,232,11,2978216,59187249,62165465,3,1,4,8,56209033,In > Out
117,Sept 2021,84,44,22001840,40126709,62128549,31,2,44,3,18124869,In > Out
118,Sept 2021,250,16,26590343,27114807,53705150,9,5,10,7,524464,In > Out
119,Sept 2021,86,78,42485959,758384,43244343,52,2,78,1,41727575,Out > In
120,Sept 2021,29,1,24459164,10633236,35092400,1,1,1,1,13825928,Out > In
121,Sept 2021,202,14,24666108,1290701,25956809,4,2,14,1,23375407,Out > In
122,Sept 2021,43,8,10098616,9138159,19236775,6,1,8,2,960457,Out > In
123,Sept 2021,224,1,2596034,13764879,16360913,1,1,1,1,11168845,In > Out
124,Sept 2021,115,1,46500,13164916,13211416,1,1,1,1,13118416,In > Out
125,Sept 2021,192,6,471844,10700945,11172789,1,1,6,1,10229101,In > Out
126,Sept 2021,142,48,9527274,381842,9909116,46,3,47,2,9145432,Out > In
127,Sept 2021,164,3,3685112,2182216,5867328,1,1,3,1,1502896,Out > In
128,Sept 2021,199,4,5680331,81228,5761559,2,2,4,1,5599103,Out > In
129,Sept 2021,153,1,1142757,3821392,4964149,1,1,1,1,2678635,In > Out
130,Sept 2021,156,14,2134690,938783,3073473,12,2,9,2,1195907,Out > In
131,Sept 2021,196,22,2293814,191496,2485310,10,15,22,2,2102318,Out > In
132,Sept 2021,166,1,938314,1258009,2196323,1,1,1,1,319695,In > Out
133,Sept 2021,92,7,885236,922347,1807583,6,1,4,1,37111,In > Out
134,Sept 2021,239,5,1686946,64641,1751587,5,2,5,2,1622305,Out > In
135,Sept 2021,230,4,861421,21900,883321,2,1,4,1,839521,Out > In
136,Sept 2021,1,5,393954,403465,797419,3,1,4,1,9511,In > Out
137,Sept 2021,26,5,391303,375995,767298,1,1,5,1,15308,Out > In
138,Sept 2021,34,4,326452,391468,717920,3,1,4,1,65016,In > Out
139,Sept 2021,9,2,256027,435818,691845,2,1,2,1,179791,In > Out
140,Sept 2021,191,3,383415,195012,578427,2,2,3,1,188403,Out > In
141,Sept 2021,222,1,26689,388130,414819,1,1,1,1,361441,In > Out
142,Sept 2021,176,2,343932,18710,362642,2,1,2,1,325222,Out > In
143,Sept 2021,75,3,333096,25477,358573,3,1,3,1,307619,Out > In
144,Sept 2021,145,2,178041,153572,331613,2,2,2,1,24469,Out > In
145,Sept 2021,102,2,194652,116594,311246,2,1,2,1,78058,Out > In
146,Sept 2021,178,1,13228,231880,245108,1,1,1,1,218652,In > Out
147,Sept 2021,33,1,88,167724,167812,1,1,1,1,167636,In > Out
148,Sept 2021,108,1,64300,62980,127280,1,1,1,1,1320,Out > In
149,Sept 2021,203,1,3370,110267,113637,1,1,1,1,106897,In > Out
150,Sept 2021,248,1,48274,62975,111249,1,1,1,1,14701,In > Out

